sim_id,Full_Model_LL,Full_Model_AIC,Full_Model_BIC,Full_Model_nparams,Full_Model_beta_GS,No_Interaction_LL,No_Interaction_AIC,No_Interaction_BIC,No_Interaction_nparams,No_PackYears_LL,No_PackYears_AIC,No_PackYears_BIC,No_PackYears_nparams,No_PackYears_beta_GS,LRT_No_Interaction_chi2,LRT_No_Interaction_pvalue,LRT_No_PackYears_chi2,LRT_No_PackYears_pvalue
0,-11064.416015625,22182.83203125,22396.226195168474,27,0.49211567640304565,-11073.6962890625,22195.392578125,22385.076279385867,24,-11141.79296875,22333.5859375,22531.173126313402,25,0.5178689360618591,18.560546875,0.00033698567149875736,154.75390625,0.0
1,-10928.7861328125,21911.572265625,22124.966429543474,27,0.4708766043186188,-10937.0439453125,21922.087890625,22111.771591885867,24,-10956.5791015625,21963.158203125,22160.745391938402,25,0.5005061626434326,16.515625,0.0008888039341483633,55.5859375,8.504308368628699e-13
2,-10767.0546875,21588.109375,21801.503538918474,27,0.5173394680023193,-10779.8173828125,21607.634765625,21797.318466885867,24,-10812.8818359375,21675.763671875,21873.350860688402,25,0.5412647128105164,25.525390625,1.1988624106340495e-05,91.654296875,0.0
3,-11209.00390625,22472.0078125,22685.401976418474,27,0.4374712109565735,-11199.6953125,22447.390625,22637.074326260867,24,-11235.857421875,22521.71484375,22719.302032563402,25,0.47727060317993164,0.0,1.0,53.70703125,2.176037128265307e-12
4,-10935.1982421875,21924.396484375,22137.790648293474,27,0.44234246015548706,-10940.99609375,21929.9921875,22119.675888760867,24,-10970.861328125,21991.72265625,22189.309845063402,25,0.4763150215148926,11.595703125,0.008904582159110275,71.326171875,3.3306690738754696e-16
5,-10940.025390625,21934.05078125,22147.444945168474,27,0.5360418558120728,-10970.9462890625,21989.892578125,22179.576279385867,24,-11009.0810546875,22068.162109375,22265.749298188402,25,0.5258750915527344,61.841796875,2.37476704967321e-13,138.111328125,0.0
6,-10417.6669921875,20889.333984375,21102.728148293474,27,0.52093106508255,-10444.9794921875,20937.958984375,21127.642685635867,24,-10440.25390625,20930.5078125,21128.095001313402,25,0.5373324751853943,54.625,8.254841254995426e-12,45.173828125,1.5510570605670182e-10
7,-11258.662109375,22571.32421875,22784.718382668474,27,0.39465567469596863,-11251.17578125,22550.3515625,22740.035263760867,24,-11295.166015625,22640.33203125,22837.919220063402,25,0.41886216402053833,0.0,1.0,73.0078125,1.1102230246251565e-16
8,-11192.2705078125,22438.541015625,22651.935179543474,27,0.49324527382850647,-11204.0927734375,22456.185546875,22645.869248135867,24,-11217.01953125,22484.0390625,22681.626251313402,25,0.5111672878265381,23.64453125,2.9633547970253638e-05,49.498046875,1.7849943745318342e-11
9,-11234.935546875,22523.87109375,22737.265257668474,27,0.507611095905304,-11235.08984375,22518.1796875,22707.863388760867,24,-11251.2255859375,22552.451171875,22750.038360688402,25,0.5208812355995178,0.30859375,0.9584042080348147,32.580078125,8.420268204911707e-08
10,-10785.9990234375,21625.998046875,21839.392210793474,27,0.4701484441757202,-10789.287109375,21626.57421875,21816.257920010867,24,-10837.1962890625,21724.392578125,21921.979766938402,25,0.5045129060745239,6.576171875,0.08670639592197071,102.39453125,0.0
11,-10868.5537109375,21791.107421875,22004.501585793474,27,0.41199812293052673,-10869.2197265625,21786.439453125,21976.123154385867,24,-10931.7587890625,21913.517578125,22111.104766938402,25,0.43701568245887756,1.33203125,0.7215413555877873,126.41015625,0.0
12,-10802.173828125,21658.34765625,21871.741820168474,27,0.46960121393203735,-10820.583984375,21689.16796875,21878.851670010867,24,-10841.2431640625,21732.486328125,21930.073516938402,25,0.48815906047821045,36.8203125,5.0223005088056993e-08,78.138671875,0.0
13,-11016.796875,22087.59375,22300.987913918474,27,0.4223487079143524,-11010.7373046875,22069.474609375,22259.158310635867,24,-11057.0546875,22164.109375,22361.696563813402,25,0.4469393491744995,0.0,1.0,80.515625,0.0
14,-10587.7119140625,21229.423828125,21442.817992043474,27,0.5541282296180725,-10611.94140625,21271.8828125,21461.566513760867,24,-10624.3173828125,21298.634765625,21496.221954438402,25,0.5588384866714478,48.458984375,1.700561913509091e-10,73.2109375,1.1102230246251565e-16
15,-11050.5478515625,22155.095703125,22368.489867043474,27,0.4172419309616089,-11031.6865234375,22111.373046875,22301.056748135867,24,-11052.1142578125,22154.228515625,22351.815704438402,25,0.4438578188419342,0.0,1.0,3.1328125,0.20879418979773945
16,-10779.1259765625,21612.251953125,21825.646117043474,27,0.4645633399486542,-10794.7138671875,21637.427734375,21827.111435635867,24,-10811.9794921875,21673.958984375,21871.546173188402,25,0.4833119809627533,31.17578125,7.806001522947525e-07,65.70703125,5.440092820663267e-15
17,-10967.546875,21989.09375,22202.487913918474,27,0.4490359425544739,-10968.6943359375,21985.388671875,22175.072373135867,24,-11011.9150390625,22073.830078125,22271.417266938402,25,0.484605610370636,2.294921875,0.5134944389294362,88.736328125,0.0
18,-11106.763671875,22267.52734375,22480.921507668474,27,0.40367981791496277,-11120.7392578125,22289.478515625,22479.162216885867,24,-11175.3720703125,22400.744140625,22598.331329438402,25,0.4583316445350647,27.951171875,3.7187643753266997e-06,137.216796875,0.0
19,-10949.46875,21952.9375,22166.331663918474,27,0.42963656783103943,-10975.7451171875,21999.490234375,22189.173935635867,24,-11016.921875,22083.84375,22281.430938813402,25,0.46577882766723633,52.552734375,2.2834734103582832e-11,134.90625,0.0
20,-11127.6025390625,22309.205078125,22522.599242043474,27,0.463703453540802,-11153.1806640625,22354.361328125,22544.045029385867,24,-11204.1015625,22458.203125,22655.790313813402,25,0.49911272525787354,51.15625,4.5311088214816664e-11,152.998046875,0.0
21,-10982.75,22019.5,22232.894163918474,27,0.4862618148326874,-11002.3671875,22052.734375,22242.418076260867,24,-11020.30078125,22090.6015625,22288.188751313402,25,0.5189266800880432,39.234375,1.548143535590185e-08,75.1015625,0.0
22,-11158.0869140625,22370.173828125,22583.567992043474,27,0.4930330216884613,-11163.8779296875,22375.755859375,22565.439560635867,24,-11201.06640625,22452.1328125,22649.720001313402,25,0.5181272625923157,11.58203125,0.008961110832758523,85.958984375,0.0
23,-11121.4267578125,22296.853515625,22510.247679543474,27,0.46825891733169556,-11146.638671875,22341.27734375,22530.961045010867,24,-11159.9736328125,22369.947265625,22567.534454438402,25,0.4997691214084625,50.423828125,6.489819792676599e-11,77.09375,0.0
24,-11166.0146484375,22386.029296875,22599.423460793474,27,0.4075005054473877,-11159.7666015625,22367.533203125,22557.216904385867,24,-11216.8486328125,22483.697265625,22681.284454438402,25,0.4173901081085205,0.0,1.0,101.66796875,0.0
25,-10825.912109375,21705.82421875,21919.218382668474,27,0.5018605589866638,-10847.59765625,21743.1953125,21932.879013760867,24,-10867.13671875,21784.2734375,21981.860626313402,25,0.515012800693512,43.37109375,2.0526503829998433e-09,82.44921875,0.0
26,-10684.0576171875,21422.115234375,21635.509398293474,27,0.43664902448654175,-10689.005859375,21426.01171875,21615.695420010867,24,-10733.1240234375,21516.248046875,21713.835235688402,25,0.46538811922073364,9.896484375,0.019466864255304417,98.1328125,0.0
27,-10674.576171875,21403.15234375,21616.546507668474,27,0.4801701605319977,-10688.80859375,21425.6171875,21615.300888760867,24,-10742.3056640625,21534.611328125,21732.198516938402,25,0.5069760084152222,28.46484375,2.9010569261300745e-06,135.458984375,0.0
28,-10723.4658203125,21500.931640625,21714.325804543474,27,0.5244782567024231,-10725.3330078125,21498.666015625,21688.349716885867,24,-10789.75,21629.5,21827.087188813402,25,0.5662586092948914,3.734375,0.291612249794459,132.568359375,0.0
29,-11078.814453125,22211.62890625,22425.023070168474,27,0.5126879215240479,-11104.435546875,22256.87109375,22446.554795010867,24,-11156.275390625,22362.55078125,22560.137970063402,25,0.5374625325202942,51.2421875,4.344047344062574e-11,154.921875,0.0
30,-11068.51953125,22191.0390625,22404.433226418474,27,0.5357533693313599,-11097.259765625,22242.51953125,22432.203232510867,24,-11112.9150390625,22275.830078125,22473.417266938402,25,0.5666671395301819,57.48046875,2.029265644409861e-12,88.791015625,0.0
31,-11015.712890625,22085.42578125,22298.819945168474,27,0.49856773018836975,-11041.4013671875,22130.802734375,22320.486435635867,24,-11079.03515625,22208.0703125,22405.657501313402,25,0.5177453756332397,51.376953125,4.066114112077912e-11,126.64453125,0.0
32,-10790.6376953125,21635.275390625,21848.669554543474,27,0.4685356318950653,-10784.1884765625,21616.376953125,21806.060654385867,24,-10831.01171875,21712.0234375,21909.610626313402,25,0.4874769449234009,0.0,1.0,80.748046875,0.0
33,-11110.7275390625,22275.455078125,22488.849242043474,27,0.42759209871292114,-11126.494140625,22300.98828125,22490.671982510867,24,-11166.3251953125,22382.650390625,22580.237579438402,25,0.47703948616981506,31.533203125,6.563663000891395e-07,111.1953125,0.0
34,-10797.3583984375,21648.716796875,21862.110960793474,27,0.4374784827232361,-10813.51171875,21675.0234375,21864.707138760867,24,-10852.9931640625,21755.986328125,21953.573516938402,25,0.47536930441856384,32.306640625,4.509786885042999e-07,111.26953125,0.0
35,-11042.9658203125,22139.931640625,22353.325804543474,27,0.4984768331050873,-11068.0849609375,22184.169921875,22373.853623135867,24,-11085.5439453125,22221.087890625,22418.675079438402,25,0.5035725235939026,50.23828125,7.108102995090348e-11,85.15625,0.0
36,-10892.744140625,21839.48828125,22052.882445168474,27,0.4925282597541809,-10903.6044921875,21855.208984375,22044.892685635867,24,-10942.6455078125,21935.291015625,22132.878204438402,25,0.5311203598976135,21.720703125,7.456816820761158e-05,99.802734375,0.0
37,-10834.498046875,21722.99609375,21936.390257668474,27,0.4420524835586548,-10839.794921875,21727.58984375,21917.273545010867,24,-10901.1640625,21852.328125,22049.915313813402,25,0.47326797246932983,10.59375,0.014138238103980849,133.33203125,0.0
38,-10850.1748046875,21754.349609375,21967.743773293474,27,0.5317327380180359,-10868.0009765625,21784.001953125,21973.685654385867,24,-10884.5146484375,21819.029296875,22016.616485688402,25,0.5410623550415039,35.65234375,8.869147893886264e-08,68.6796875,1.2212453270876722e-15
39,-11000.4521484375,22054.904296875,22268.298460793474,27,0.42532843351364136,-11025.0625,22098.125,22287.808701260867,24,-11054.41015625,22158.8203125,22356.407501313402,25,0.4588415026664734,49.220703125,1.170693542107415e-10,107.916015625,0.0
40,-10727.7939453125,21509.587890625,21722.982054543474,27,0.482392281293869,-10742.8974609375,21533.794921875,21723.478623135867,24,-10794.5341796875,21639.068359375,21836.655548188402,25,0.4988028109073639,30.20703125,1.248370908979446e-06,133.48046875,0.0
41,-11400.3828125,22854.765625,23068.159788918474,27,0.43214839696884155,-11402.65625,22853.3125,23042.996201260867,24,-11450.927734375,22951.85546875,23149.442657563402,25,0.46555253863334656,4.546875,0.20814706034045738,101.08984375,0.0
42,-10874.94921875,21803.8984375,22017.292601418474,27,0.5153511166572571,-10888.033203125,21824.06640625,22013.750107510867,24,-10894.447265625,21838.89453125,22036.481720063402,25,0.5444445013999939,26.16796875,8.79545130993975e-06,38.99609375,3.4049115749112957e-09
43,-10603.125,21260.25,21473.644163918474,27,0.5237202048301697,-10616.0302734375,21280.060546875,21469.744248135867,24,-10647.0859375,21344.171875,21541.759063813402,25,0.5338643193244934,25.810546875,1.0449411192214875e-05,87.921875,0.0
44,-11126.2451171875,22306.490234375,22519.884398293474,27,0.4605500102043152,-11148.892578125,22345.78515625,22535.468857510867,24,-11189.541015625,22429.08203125,22626.669220063402,25,0.48929664492607117,45.294921875,8.009153340537978e-10,126.591796875,0.0
45,-10878.328125,21810.65625,22024.050413918474,27,0.44458630681037903,-10900.263671875,21848.52734375,22038.211045010867,24,-10954.9658203125,21959.931640625,22157.518829438402,25,0.4649152457714081,43.87109375,1.6073981035091833e-09,153.275390625,0.0
46,-10932.75390625,21919.5078125,22132.901976418474,27,0.4729410409927368,-10941.580078125,21931.16015625,22120.843857510867,24,-10972.7333984375,21995.466796875,22193.053985688402,25,0.5027340650558472,17.65234375,0.0005187663159169631,79.958984375,0.0
47,-11016.9541015625,22087.908203125,22301.302367043474,27,0.4904080033302307,-11038.52734375,22125.0546875,22314.738388760867,24,-11074.119140625,22198.23828125,22395.825470063402,25,0.4870067834854126,43.146484375,2.2909185659614195e-09,114.330078125,0.0
48,-10712.7744140625,21479.548828125,21692.942992043474,27,0.47731655836105347,-10733.7431640625,21515.486328125,21705.170029385867,24,-10792.62109375,21635.2421875,21832.829376313402,25,0.5143376588821411,41.9375,4.136541331689614e-09,159.693359375,0.0
49,-10975.51171875,22005.0234375,22218.417601418474,27,0.5038294196128845,-11008.681640625,22065.36328125,22255.046982510867,24,-11044.82421875,22139.6484375,22337.235626313402,25,0.5266971588134766,66.33984375,2.5979218776228663e-14,138.625,0.0
50,-10749.5126953125,21553.025390625,21766.419554543474,27,0.45246046781539917,-10774.4580078125,21596.916015625,21786.599716885867,24,-10796.8095703125,21643.619140625,21841.206329438402,25,0.4734824299812317,49.890625,8.429368314466501e-11,94.59375,0.0
51,-10917.0009765625,21888.001953125,22101.396117043474,27,0.44327178597450256,-10922.1650390625,21892.330078125,22082.013779385867,24,-10962.14453125,21974.2890625,22171.876251313402,25,0.4785129129886627,10.328125,0.015973321534424212,90.287109375,0.0
52,-10971.529296875,21997.05859375,22210.452757668474,27,0.4460171163082123,-10989.8349609375,22027.669921875,22217.353623135867,24,-11033.572265625,22117.14453125,22314.731720063402,25,0.4895626902580261,36.611328125,5.56044397193034e-08,124.0859375,0.0
53,-11004.220703125,22062.44140625,22275.835570168474,27,0.46341899037361145,-11018.7880859375,22085.576171875,22275.259873135867,24,-11064.33203125,22178.6640625,22376.251251313402,25,0.5006111264228821,29.134765625,2.0980559644057095e-06,120.22265625,0.0
54,-10801.236328125,21656.47265625,21869.866820168474,27,0.40143898129463196,-10812.2763671875,21672.552734375,21862.236435635867,24,-10870.03515625,21790.0703125,21987.657501313402,25,0.4393414556980133,22.080078125,6.277571901014412e-05,137.59765625,0.0
55,-10791.0751953125,21636.150390625,21849.544554543474,27,0.5038196444511414,-10805.912109375,21659.82421875,21849.507920010867,24,-10837.083984375,21724.16796875,21921.755157563402,25,0.5259823203086853,29.673828125,1.6162018132703793e-06,92.017578125,0.0
56,-11150.337890625,22354.67578125,22568.069945168474,27,0.4846401810646057,-11171.6142578125,22391.228515625,22580.912216885867,24,-11173.0048828125,22396.009765625,22593.596954438402,25,0.4980219304561615,42.552734375,3.062409992260484e-09,45.333984375,1.4316947627435184e-10
57,-10979.068359375,22012.13671875,22225.530882668474,27,0.4950377643108368,-10995.91015625,22039.8203125,22229.504013760867,24,-11026.888671875,22103.77734375,22301.364532563402,25,0.5068745017051697,33.68359375,2.3105353841312848e-07,95.640625,0.0
58,-10642.2568359375,21338.513671875,21551.907835793474,27,0.509302020072937,-10661.2021484375,21370.404296875,21560.087998135867,24,-10673.2255859375,21396.451171875,21594.038360688402,25,0.5208068490028381,37.890625,2.981263313994731e-08,61.9375,3.552713678800501e-14
59,-11313.4755859375,22680.951171875,22894.345335793474,27,0.4363679885864258,-11309.64453125,22667.2890625,22856.972763760867,24,-11342.62890625,22735.2578125,22932.845001313402,25,0.48388904333114624,0.0,1.0,58.306640625,2.1815882433884326e-13
60,-11004.302734375,22062.60546875,22275.999632668474,27,0.4857967495918274,-11014.5732421875,22077.146484375,22266.830185635867,24,-11030.3037109375,22110.607421875,22308.194610688402,25,0.5200443863868713,20.541015625,0.0001311006724684649,52.001953125,5.104139333411695e-12
61,-11071.6611328125,22197.322265625,22410.716429543474,27,0.4139977991580963,-11077.2333984375,22202.466796875,22392.150498135867,24,-11117.3837890625,22284.767578125,22482.354766938402,25,0.4485156536102295,11.14453125,0.010969469869174353,91.4453125,0.0
62,-10935.1796875,21924.359375,22137.753538918474,27,0.4967917799949646,-10957.943359375,21963.88671875,22153.570420010867,24,-10967.197265625,21984.39453125,22181.981720063402,25,0.5284140706062317,45.52734375,7.147962222120441e-10,64.03515625,1.2434497875801753e-14
63,-10918.7744140625,21891.548828125,22104.942992043474,27,0.5096517205238342,-10947.625,21943.25,22132.933701260867,24,-10965.6650390625,21981.330078125,22178.917266938402,25,0.5151362419128418,57.701171875,1.8206547380827942e-12,93.78125,0.0
64,-10877.978515625,21809.95703125,22023.351195168474,27,0.457085520029068,-10874.9384765625,21797.876953125,21987.560654385867,24,-10908.0419921875,21866.083984375,22063.671173188402,25,0.4833880662918091,0.0,1.0,60.126953125,8.781864124784988e-14
65,-10829.03125,21712.0625,21925.456663918474,27,0.5175817012786865,-10845.5693359375,21739.138671875,21928.822373135867,24,-10895.513671875,21841.02734375,22038.614532563402,25,0.525840163230896,33.076171875,3.103693796413509e-07,132.96484375,0.0
66,-10986.673828125,22027.34765625,22240.741820168474,27,0.49112454056739807,-11002.55859375,22053.1171875,22242.800888760867,24,-11036.140625,22122.28125,22319.868438813402,25,0.5156282186508179,31.76953125,5.852693328867176e-07,98.93359375,0.0
67,-11169.4189453125,22392.837890625,22606.232054543474,27,0.40752753615379333,-11175.685546875,22399.37109375,22589.054795010867,24,-11229.6484375,22509.296875,22706.884063813402,25,0.4499205946922302,12.533203125,0.005762942254860071,120.458984375,0.0
68,-11148.03125,22350.0625,22563.456663918474,27,0.5041812062263489,-11156.91015625,22361.8203125,22551.504013760867,24,-11206.626953125,22463.25390625,22660.841095063402,25,0.5192089676856995,17.7578125,0.0004934431267610284,117.19140625,0.0
69,-11129.8583984375,22313.716796875,22527.110960793474,27,0.445631742477417,-11126.716796875,22301.43359375,22491.117295010867,24,-11192.787109375,22435.57421875,22633.161407563402,25,0.46943047642707825,0.0,1.0,125.857421875,0.0
70,-11153.3125,22360.625,22574.019163918474,27,0.49154531955718994,-11174.2060546875,22396.412109375,22586.095810635867,24,-11213.2109375,22476.421875,22674.009063813402,25,0.5311604738235474,41.787109375,4.451937041238807e-09,119.796875,0.0
71,-10813.3271484375,21680.654296875,21894.048460793474,27,0.46714621782302856,-10815.6484375,21679.296875,21868.980576260867,24,-10871.5810546875,21793.162109375,21990.749298188402,25,0.4801117479801178,4.642578125,0.19991979962654516,116.5078125,0.0
72,-11359.0634765625,22772.126953125,22985.521117043474,27,0.48910221457481384,-11367.5517578125,22783.103515625,22972.787216885867,24,-11401.001953125,22852.00390625,23049.591095063402,25,0.5006919503211975,16.9765625,0.0007146299010863943,83.876953125,0.0
73,-10947.2880859375,21948.576171875,22161.970335793474,27,0.4513343572616577,-10964.736328125,21977.47265625,22167.156357510867,24,-11022.5146484375,22095.029296875,22292.616485688402,25,0.4718787670135498,34.896484375,1.2811655281108614e-07,150.453125,0.0
74,-10751.490234375,21556.98046875,21770.374632668474,27,0.49253809452056885,-10769.6015625,21587.203125,21776.886826260867,24,-10818.255859375,21686.51171875,21884.098907563402,25,0.5109120011329651,36.22265625,6.719063938565029e-08,133.53125,0.0
75,-11222.876953125,22499.75390625,22713.148070168474,27,0.5199975371360779,-11246.3251953125,22540.650390625,22730.334091885867,24,-11247.0146484375,22544.029296875,22741.616485688402,25,0.542184054851532,46.896484375,3.6563618799334563e-10,48.275390625,3.289513106352615e-11
76,-10864.8544921875,21783.708984375,21997.103148293474,27,0.4756486713886261,-10868.4462890625,21784.892578125,21974.576279385867,24,-10896.0283203125,21842.056640625,22039.643829438402,25,0.5007050037384033,7.18359375,0.06627062343874557,62.34765625,2.8976820942716586e-14
77,-10882.4384765625,21818.876953125,22032.271117043474,27,0.48491185903549194,-10903.9619140625,21855.923828125,22045.607529385867,24,-10937.033203125,21924.06640625,22121.653595063402,25,0.5040359497070312,43.046875,2.4052457803236393e-09,109.189453125,0.0
78,-10880.2841796875,21814.568359375,22027.962523293474,27,0.5189759135246277,-10900.658203125,21849.31640625,22039.000107510867,24,-10931.83203125,21913.6640625,22111.251251313402,25,0.528272271156311,40.748046875,7.39534311566814e-09,103.095703125,0.0
79,-10827.5693359375,21709.138671875,21922.532835793474,27,0.5694810152053833,-10835.5458984375,21719.091796875,21908.775498135867,24,-10848.9638671875,21747.927734375,21945.514923188402,25,0.6011231541633606,15.953125,0.0011593551509070377,42.7890625,5.110614154091309e-10
80,-11054.76171875,22163.5234375,22376.917601418474,27,0.4556645154953003,-11060.62109375,22169.2421875,22358.925888760867,24,-11091.87109375,22233.7421875,22431.329376313402,25,0.48214825987815857,11.71875,0.008411408440455292,74.21875,1.1102230246251565e-16
81,-10918.1611328125,21890.322265625,22103.716429543474,27,0.5165174603462219,-10944.8701171875,21937.740234375,22127.423935635867,24,-10943.07421875,21936.1484375,22133.735626313402,25,0.5353785753250122,53.41796875,1.4932499681208355e-11,49.826171875,1.514899317101026e-11
82,-11291.4638671875,22636.927734375,22850.321898293474,27,0.4388023316860199,-11305.5849609375,22659.169921875,22848.853623135867,24,-11327.810546875,22705.62109375,22903.208282563402,25,0.4836784899234772,28.2421875,3.2307948366616657e-06,72.693359375,1.1102230246251565e-16
83,-11347.7998046875,22749.599609375,22962.993773293474,27,0.4456329643726349,-11361.3212890625,22770.642578125,22960.326279385867,24,-11390.021484375,22830.04296875,23027.630157563402,25,0.4737406075000763,27.04296875,5.7664950989799735e-06,84.443359375,0.0
84,-11060.04296875,22174.0859375,22387.480101418474,27,0.45294588804244995,-11073.99609375,22195.9921875,22385.675888760867,24,-11102.6201171875,22255.240234375,22452.827423188402,25,0.49682196974754333,27.90625,3.800377372353836e-06,85.154296875,0.0
85,-11107.2451171875,22268.490234375,22481.884398293474,27,0.37757599353790283,-11106.76953125,22261.5390625,22451.222763760867,24,-11180.640625,22411.28125,22608.868438813402,25,0.40786221623420715,0.0,1.0,146.791015625,0.0
86,-10942.92578125,21939.8515625,22153.245726418474,27,0.4646015465259552,-10940.9765625,21929.953125,22119.636826260867,24,-11001.513671875,22053.02734375,22250.614532563402,25,0.4895825982093811,0.0,1.0,117.17578125,0.0
87,-11046.90234375,22147.8046875,22361.198851418474,27,0.4691833555698395,-11059.12109375,22166.2421875,22355.925888760867,24,-11090.46875,22230.9375,22428.524688813402,25,0.5084423422813416,24.4375,2.024059407135237e-05,87.1328125,0.0
88,-11304.068359375,22662.13671875,22875.530882668474,27,0.41551363468170166,-11305.9169921875,22659.833984375,22849.517685635867,24,-11331.98828125,22713.9765625,22911.563751313402,25,0.4276163876056671,3.697265625,0.29606412882405375,55.83984375,7.490674747145931e-13
89,-11066.232421875,22186.46484375,22399.859007668474,27,0.4923163950443268,-11085.611328125,22219.22265625,22408.906357510867,24,-11125.640625,22301.28125,22498.868438813402,25,0.5087093114852905,38.7578125,1.9532973571934065e-08,118.81640625,0.0
90,-10905.1962890625,21864.392578125,22077.786742043474,27,0.47693413496017456,-10923.453125,21894.90625,22084.589951260867,24,-10972.171875,21994.34375,22191.930938813402,25,0.5239784121513367,36.513671875,5.8312902062596095e-08,133.951171875,0.0
91,-11074.541015625,22203.08203125,22416.476195168474,27,0.43414461612701416,-11071.66015625,22191.3203125,22381.004013760867,24,-11130.76953125,22311.5390625,22509.126251313402,25,0.4563317596912384,0.0,1.0,112.45703125,0.0
92,-11087.4091796875,22228.818359375,22442.212523293474,27,0.4097687900066376,-11091.4130859375,22230.826171875,22420.509873135867,24,-11135.0048828125,22320.009765625,22517.596954438402,25,0.44446805119514465,8.0078125,0.045850520498859404,95.19140625,0.0
93,-10749.6982421875,21553.396484375,21766.790648293474,27,0.5278558731079102,-10754.28515625,21556.5703125,21746.254013760867,24,-10789.875,21629.75,21827.337188813402,25,0.5318842530250549,9.173828125,0.027066834462040168,80.353515625,0.0
94,-10903.2998046875,21860.599609375,22073.993773293474,27,0.44499891996383667,-10918.3349609375,21884.669921875,22074.353623135867,24,-10932.0869140625,21914.173828125,22111.761016938402,25,0.5009334683418274,30.0703125,1.3338479756264121e-06,57.57421875,3.147482274812319e-13
95,-10988.2568359375,22030.513671875,22243.907835793474,27,0.5509365200996399,-10992.0732421875,22032.146484375,22221.830185635867,24,-11027.57421875,22105.1484375,22302.735626313402,25,0.5873192548751831,7.6328125,0.05424235735928151,78.634765625,0.0
96,-10808.0791015625,21670.158203125,21883.552367043474,27,0.47874605655670166,-10819.4052734375,21686.810546875,21876.494248135867,24,-10869.392578125,21788.78515625,21986.372345063402,25,0.49839863181114197,22.65234375,4.771352765831072e-05,122.626953125,0.0
97,-10941.05859375,21936.1171875,22149.511351418474,27,0.4312966465950012,-10948.7109375,21945.421875,22135.105576260867,24,-11004.876953125,22059.75390625,22257.341095063402,25,0.4584316611289978,15.3046875,0.0015739445849370926,127.63671875,0.0
98,-10831.3876953125,21716.775390625,21930.169554543474,27,0.5034857988357544,-10844.275390625,21736.55078125,21926.234482510867,24,-10854.53515625,21759.0703125,21956.657501313402,25,0.5249344706535339,25.775390625,1.0627976228083647e-05,46.294921875,8.854939004265816e-11
99,-10659.0791015625,21372.158203125,21585.552367043474,27,0.4472637176513672,-10653.3212890625,21354.642578125,21544.326279385867,24,-10691.8935546875,21433.787109375,21631.374298188402,25,0.4733319878578186,0.0,1.0,65.62890625,5.662137425588298e-15
100,-10882.0263671875,21818.052734375,22031.446898293474,27,0.5380129218101501,-10886.4580078125,21820.916015625,22010.599716885867,24,-10913.8037109375,21877.607421875,22075.194610688402,25,0.5612326264381409,8.86328125,0.03116496257956325,63.5546875,1.587618925213974e-14
101,-11174.375,22402.75,22616.144163918474,27,0.38725605607032776,-11186.7529296875,22421.505859375,22611.189560635867,24,-11216.009765625,22482.01953125,22679.606720063402,25,0.40571722388267517,24.755859375,1.7365942535096934e-05,83.26953125,0.0
102,-10786.8232421875,21627.646484375,21841.040648293474,27,0.4802338480949402,-10788.2509765625,21624.501953125,21814.185654385867,24,-10843.0595703125,21736.119140625,21933.706329438402,25,0.4956076741218567,2.85546875,0.41444998400778854,112.47265625,0.0
103,-10921.99609375,21897.9921875,22111.386351418474,27,0.4970896542072296,-10930.880859375,21909.76171875,22099.445420010867,24,-10980.0849609375,22010.169921875,22207.757110688402,25,0.5253908038139343,17.76953125,0.0004907064346582057,116.177734375,0.0
104,-11145.22265625,22344.4453125,22557.839476418474,27,0.5145826935768127,-11153.9365234375,22355.873046875,22545.556748135867,24,-11175.009765625,22400.01953125,22597.606720063402,25,0.5382563471794128,17.427734375,0.0005770817586875365,59.57421875,1.1579626146840383e-13
105,-10994.5693359375,22043.138671875,22256.532835793474,27,0.44235774874687195,-11001.91796875,22051.8359375,22241.519638760867,24,-11009.03515625,22068.0703125,22265.657501313402,25,0.45902615785598755,14.697265625,0.0020945129185380162,28.931640625,5.218840957166293e-07
106,-10735.2783203125,21524.556640625,21737.950804543474,27,0.4357587397098541,-10746.0693359375,21540.138671875,21729.822373135867,24,-10828.6904296875,21707.380859375,21904.968048188402,25,0.4704633057117462,21.58203125,7.968716948958399e-05,186.82421875,0.0
107,-10750.853515625,21555.70703125,21769.101195168474,27,0.5295721888542175,-10774.7451171875,21597.490234375,21787.173935635867,24,-10806.0302734375,21662.060546875,21859.647735688402,25,0.5610415935516357,47.783203125,2.368134577324099e-10,110.353515625,0.0
108,-11088.859375,22231.71875,22445.112913918474,27,0.4570896625518799,-11099.134765625,22246.26953125,22435.953232510867,24,-11118.7578125,22287.515625,22485.102813813402,25,0.4951637089252472,20.55078125,0.00013049045040314233,59.796875,1.035838081975271e-13
109,-10571.2939453125,21196.587890625,21409.982054543474,27,0.48965802788734436,-10564.0322265625,21176.064453125,21365.748154385867,24,-10615.19921875,21280.3984375,21477.985626313402,25,0.5206559300422668,0.0,1.0,87.810546875,0.0
110,-10891.7568359375,21837.513671875,22050.907835793474,27,0.4635028839111328,-10906.986328125,21861.97265625,22051.656357510867,24,-10958.638671875,21967.27734375,22164.864532563402,25,0.5012845396995544,30.458984375,1.1049123396222882e-06,133.763671875,0.0
111,-10884.6796875,21823.359375,22036.753538918474,27,0.45498427748680115,-10889.6923828125,21827.384765625,22017.068466885867,24,-10934.4140625,21918.828125,22116.415313813402,25,0.49492454528808594,10.025390625,0.01835153428545533,99.46875,0.0
112,-10388.0595703125,20830.119140625,21043.513304543474,27,0.49601104855537415,-10413.9169921875,20875.833984375,21065.517685635867,24,-10456.6005859375,20963.201171875,21160.788360688402,25,0.5261058211326599,51.71484375,3.4449221253396445e-11,137.08203125,0.0
113,-10976.38671875,22006.7734375,22220.167601418474,27,0.46026188135147095,-10997.076171875,22042.15234375,22231.836045010867,24,-11029.69921875,22109.3984375,22306.985626313402,25,0.4958688020706177,41.37890625,5.434421801453482e-09,106.625,0.0
114,-11119.7978515625,22293.595703125,22506.989867043474,27,0.4229130148887634,-11132.3662109375,22312.732421875,22502.416123135867,24,-11168.5361328125,22387.072265625,22584.659454438402,25,0.44727376103401184,25.13671875,1.4456818601571442e-05,97.4765625,0.0
115,-11167.646484375,22389.29296875,22602.687132668474,27,0.5141652226448059,-11168.6923828125,22385.384765625,22575.068466885867,24,-11166.5869140625,22383.173828125,22580.761016938402,25,0.5260980129241943,2.091796875,0.5535740932871,0.0,1.0
116,-10886.791015625,21827.58203125,22040.976195168474,27,0.45868945121765137,-10894.6298828125,21837.259765625,22026.943466885867,24,-10935.185546875,21920.37109375,22117.958282563402,25,0.4904756247997284,15.677734375,0.0013202051579306318,96.7890625,0.0
117,-10970.158203125,21994.31640625,22207.710570168474,27,0.4090079963207245,-10976.3642578125,22000.728515625,22190.412216885867,24,-11025.51171875,22101.0234375,22298.610626313402,25,0.4265284240245819,12.412109375,0.006096878570184261,110.70703125,0.0
118,-11335.1435546875,22724.287109375,22937.681273293474,27,0.47824427485466003,-11344.1279296875,22736.255859375,22925.939560635867,24,-11377.671875,22805.34375,23002.930938813402,25,0.5169670581817627,17.96875,0.00044642553865859025,85.056640625,0.0
119,-10841.2080078125,21736.416015625,21949.810179543474,27,0.472745418548584,-10847.599609375,21743.19921875,21932.882920010867,24,-10913.3173828125,21876.634765625,22074.221954438402,25,0.4975070059299469,12.783203125,0.005129687444650366,144.21875,0.0
120,-11074.1220703125,22202.244140625,22415.638304543474,27,0.42883527278900146,-11083.7177734375,22215.435546875,22405.119248135867,24,-11140.8271484375,22331.654296875,22529.241485688402,25,0.4671538472175598,19.19140625,0.00024958103093419837,133.41015625,0.0
121,-10865.740234375,21785.48046875,21998.874632668474,27,0.45035606622695923,-10861.111328125,21770.22265625,21959.906357510867,24,-10914.7802734375,21879.560546875,22077.147735688402,25,0.4783438444137573,0.0,1.0,98.080078125,0.0
122,-10881.6865234375,21817.373046875,22030.767210793474,27,0.4985769987106323,-10890.2060546875,21828.412109375,22018.095810635867,24,-10886.333984375,21822.66796875,22020.255157563402,25,0.5223435759544373,17.0390625,0.0006937883380572218,9.294921875,0.009585910282598475
123,-11147.7431640625,22349.486328125,22562.880492043474,27,0.484177827835083,-11159.8173828125,22367.634765625,22557.318466885867,24,-11156.8251953125,22363.650390625,22561.237579438402,25,0.4976998567581177,24.1484375,2.325941369152318e-05,18.1640625,0.00011369043905151699
124,-11300.857421875,22655.71484375,22869.109007668474,27,0.43298858404159546,-11312.515625,22673.03125,22862.714951260867,24,-11358.98828125,22767.9765625,22965.563751313402,25,0.46676522493362427,23.31640625,3.4692125011615005e-05,116.26171875,0.0
125,-11060.04296875,22174.0859375,22387.480101418474,27,0.44491249322891235,-11067.0791015625,22182.158203125,22371.841904385867,24,-11105.044921875,22260.08984375,22457.677032563402,25,0.4620715379714966,14.072265625,0.0028084189876808052,90.00390625,0.0
126,-10702.68359375,21459.3671875,21672.761351418474,27,0.44563087821006775,-10704.4541015625,21456.908203125,21646.591904385867,24,-10747.28125,21544.5625,21742.149688813402,25,0.47809600830078125,3.541015625,0.31548136396337423,89.1953125,0.0
127,-10985.1318359375,22024.263671875,22237.657835793474,27,0.4893929958343506,-10998.755859375,22045.51171875,22235.195420010867,24,-11052.705078125,22155.41015625,22352.997345063402,25,0.5226755142211914,27.248046875,5.222891611089686e-06,135.146484375,0.0
128,-10504.2412109375,21062.482421875,21275.876585793474,27,0.4750601053237915,-10512.6904296875,21073.380859375,21263.064560635867,24,-10566.8349609375,21183.669921875,21381.257110688402,25,0.4955883324146271,16.8984375,0.0007415587389455469,125.1875,0.0
129,-10808.4921875,21670.984375,21884.378538918474,27,0.47343623638153076,-10815.880859375,21679.76171875,21869.445420010867,24,-10858.677734375,21767.35546875,21964.942657563402,25,0.5077575445175171,14.77734375,0.0020171571189410153,100.37109375,0.0
130,-11025.8671875,22105.734375,22319.128538918474,27,0.42268723249435425,-11032.6494140625,22113.298828125,22302.982529385867,24,-11064.896484375,22179.79296875,22377.380157563402,25,0.46039435267448425,13.564453125,0.003562146245752462,78.05859375,0.0
131,-11060.0498046875,22174.099609375,22387.493773293474,27,0.4312277138233185,-11072.3603515625,22192.720703125,22382.404404385867,24,-11099.0390625,22248.078125,22445.665313813402,25,0.4479140639305115,24.62109375,1.852947134550753e-05,77.978515625,0.0
132,-11194.9990234375,22443.998046875,22657.392210793474,27,0.5068848133087158,-11218.8017578125,22485.603515625,22675.287216885867,24,-11234.595703125,22519.19140625,22716.778595063402,25,0.5359060764312744,47.60546875,2.58359000859798e-10,79.193359375,0.0
133,-10902.982421875,21859.96484375,22073.359007668474,27,0.4682691693305969,-10918.4140625,21884.828125,22074.511826260867,24,-10948.388671875,21946.77734375,22144.364532563402,25,0.4997619092464447,30.86328125,9.082983712938031e-07,90.8125,0.0
134,-11285.919921875,22625.83984375,22839.234007668474,27,0.4957144558429718,-11294.9912109375,22637.982421875,22827.666123135867,24,-11341.326171875,22732.65234375,22930.239532563402,25,0.516646146774292,18.142578125,0.0004110485928029428,110.8125,0.0
135,-11192.8828125,22439.765625,22653.159788918474,27,0.4808489680290222,-11189.455078125,22426.91015625,22616.593857510867,24,-11200.5087890625,22451.017578125,22648.604766938402,25,0.5200303196907043,0.0,1.0,15.251953125,0.0004876188206783816
136,-10943.9345703125,21941.869140625,22155.263304543474,27,0.5007672905921936,-10957.0830078125,21962.166015625,22151.849716885867,24,-10994.4716796875,22038.943359375,22236.530548188402,25,0.541846513748169,26.296875,8.265330892931466e-06,101.07421875,0.0
137,-10527.92578125,21109.8515625,21323.245726418474,27,0.47037947177886963,-10533.408203125,21114.81640625,21304.500107510867,24,-10565.4013671875,21180.802734375,21378.389923188402,25,0.4845919907093048,10.96484375,0.011917505617804025,74.951171875,0.0
138,-10917.904296875,21889.80859375,22103.202757668474,27,0.47848057746887207,-10939.6513671875,21927.302734375,22116.986435635867,24,-10978.1572265625,22006.314453125,22203.901641938402,25,0.5127999782562256,43.494140625,1.9327885958375646e-09,120.505859375,0.0
139,-11146.7099609375,22347.419921875,22560.814085793474,27,0.48865458369255066,-11154.638671875,22357.27734375,22546.961045010867,24,-11178.4404296875,22406.880859375,22604.468048188402,25,0.4985000491142273,15.857421875,0.001212917124542523,63.4609375,1.6542323066914832e-14
140,-10804.3759765625,21662.751953125,21876.146117043474,27,0.5383642315864563,-10798.005859375,21644.01171875,21833.695420010867,24,-10835.419921875,21720.83984375,21918.427032563402,25,0.5670985579490662,0.0,1.0,62.087890625,3.297362383136715e-14
141,-11024.7197265625,22103.439453125,22316.833617043474,27,0.4915034770965576,-11033.8505859375,22115.701171875,22305.384873135867,24,-11062.408203125,22174.81640625,22372.403595063402,25,0.5102699995040894,18.26171875,0.0003884260240648585,75.376953125,0.0
142,-10929.86328125,21913.7265625,22127.120726418474,27,0.44595739245414734,-10934.775390625,21917.55078125,22107.234482510867,24,-10966.8515625,21983.703125,22181.290313813402,25,0.4719438850879669,9.82421875,0.020120985843011363,73.9765625,1.1102230246251565e-16
143,-11077.201171875,22208.40234375,22421.796507668474,27,0.4827894866466522,-11107.1396484375,22262.279296875,22451.962998135867,24,-11133.439453125,22316.87890625,22514.466095063402,25,0.5088226199150085,59.876953125,6.245004513516506e-13,112.4765625,0.0
144,-10624.8134765625,21303.626953125,21517.021117043474,27,0.4844825267791748,-10633.7724609375,21315.544921875,21505.228623135867,24,-10689.3466796875,21428.693359375,21626.280548188402,25,0.49961021542549133,17.91796875,0.00045732047452728963,129.06640625,0.0
145,-10734.84375,21523.6875,21737.081663918474,27,0.4654189646244049,-10751.80078125,21551.6015625,21741.285263760867,24,-10816.7265625,21683.453125,21881.040313813402,25,0.4873136878013611,33.9140625,2.0656986965406077e-07,163.765625,0.0
146,-11058.470703125,22170.94140625,22384.335570168474,27,0.4877159297466278,-11075.4306640625,22198.861328125,22388.545029385867,24,-11104.3828125,22258.765625,22456.352813813402,25,0.5071561336517334,33.919921875,2.0598239525160267e-07,91.82421875,0.0
147,-11185.74609375,22425.4921875,22638.886351418474,27,0.3750908672809601,-11180.3623046875,22408.724609375,22598.408310635867,24,-11229.25,22508.5,22706.087188813402,25,0.4011351466178894,0.0,1.0,87.0078125,0.0
148,-10861.3330078125,21776.666015625,21990.060179543474,27,0.5050026774406433,-10880.4228515625,21808.845703125,21998.529404385867,24,-10897.6728515625,21845.345703125,22042.932891938402,25,0.5370628833770752,38.1796875,2.5894104860313405e-08,72.6796875,1.1102230246251565e-16
149,-10913.892578125,21881.78515625,22095.179320168474,27,0.5015705823898315,-10903.767578125,21855.53515625,22045.218857510867,24,-10937.2412109375,21924.482421875,22122.069610688402,25,0.5451371073722839,0.0,1.0,46.697265625,7.241318655815121e-11
150,-10785.7265625,21625.453125,21838.847288918474,27,0.4450549781322479,-10783.8115234375,21615.623046875,21805.306748135867,24,-10811.30078125,21672.6015625,21870.188751313402,25,0.4723944365978241,0.0,1.0,51.1484375,7.820966096971915e-12
151,-10885.3193359375,21824.638671875,22038.032835793474,27,0.5180096626281738,-10892.416015625,21832.83203125,22022.515732510867,24,-10933.8330078125,21917.666015625,22115.253204438402,25,0.5862647891044617,14.193359375,0.0026534297766939163,97.02734375,0.0
152,-10980.66796875,22015.3359375,22228.730101418474,27,0.47120654582977295,-10993.6171875,22035.234375,22224.918076260867,24,-11020.6591796875,22091.318359375,22288.905548188402,25,0.49719664454460144,25.8984375,1.0015978994526442e-05,79.982421875,0.0
153,-10683.2802734375,21420.560546875,21633.954710793474,27,0.4703809320926666,-10679.1533203125,21406.306640625,21595.990341885867,24,-10735.6083984375,21521.216796875,21718.803985688402,25,0.4686834216117859,0.0,1.0,104.65625,0.0
154,-10953.9677734375,21961.935546875,22175.329710793474,27,0.47993403673171997,-10962.0947265625,21972.189453125,22161.873154385867,24,-10975.234375,22000.46875,22198.055938813402,25,0.4916921854019165,16.25390625,0.0010058425638515,42.533203125,5.808076242175275e-10
155,-10954.68359375,21963.3671875,22176.761351418474,27,0.5909188389778137,-10990.0361328125,22028.072265625,22217.755966885867,24,-11041.9169921875,22133.833984375,22331.421173188402,25,0.6127563118934631,70.705078125,2.9976021664879227e-15,174.466796875,0.0
156,-11033.716796875,22121.43359375,22334.827757668474,27,0.45332223176956177,-11031.271484375,22110.54296875,22300.226670010867,24,-11080.4853515625,22210.970703125,22408.557891938402,25,0.5146589279174805,0.0,1.0,93.537109375,0.0
157,-10969.22265625,21992.4453125,22205.839476418474,27,0.4747777283191681,-10979.8896484375,22007.779296875,22197.462998135867,24,-11012.3583984375,22074.716796875,22272.303985688402,25,0.4865725338459015,21.333984375,8.973201121265095e-05,86.271484375,0.0
158,-11207.3271484375,22468.654296875,22682.048460793474,27,0.4612043797969818,-11211.953125,22471.90625,22661.589951260867,24,-11249.044921875,22548.08984375,22745.677032563402,25,0.5022386312484741,9.251953125,0.026121978592333228,83.435546875,0.0
159,-10886.6884765625,21827.376953125,22040.771117043474,27,0.41987425088882446,-10890.0810546875,21828.162109375,22017.845810635867,24,-10957.8828125,21965.765625,22163.352813813402,25,0.4630141258239746,6.78515625,0.07907014978724258,142.388671875,0.0
160,-10946.166015625,21946.33203125,22159.726195168474,27,0.4702736437320709,-10945.4765625,21938.953125,22128.636826260867,24,-10999.7685546875,22049.537109375,22247.124298188402,25,0.5129683613777161,0.0,1.0,107.205078125,0.0
161,-10935.845703125,21925.69140625,22139.085570168474,27,0.4840066134929657,-10953.5810546875,21955.162109375,22144.845810635867,24,-10985.587890625,22021.17578125,22218.762970063402,25,0.49772340059280396,35.470703125,9.6888711720311e-08,99.484375,0.0
162,-11085.5185546875,22225.037109375,22438.431273293474,27,0.47777071595191956,-11094.3515625,22236.703125,22426.386826260867,24,-11153.966796875,22357.93359375,22555.520782563402,25,0.4962760806083679,17.666015625,0.0005154121695658542,136.896484375,0.0
163,-10815.4140625,21684.828125,21898.222288918474,27,0.48405376076698303,-10821.130859375,21690.26171875,21879.945420010867,24,-10882.1396484375,21814.279296875,22011.866485688402,25,0.5203133225440979,11.43359375,0.009598114526090606,133.451171875,0.0
164,-10729.859375,21513.71875,21727.112913918474,27,0.5234019160270691,-10751.4326171875,21550.865234375,21740.548935635867,24,-10767.9404296875,21585.880859375,21783.468048188402,25,0.5465442538261414,43.146484375,2.2909185659614195e-09,76.162109375,0.0
165,-10821.9873046875,21697.974609375,21911.368773293474,27,0.493514746427536,-10820.37109375,21688.7421875,21878.425888760867,24,-10861.2021484375,21772.404296875,21969.991485688402,25,0.5354278087615967,0.0,1.0,78.4296875,0.0
166,-11268.39453125,22590.7890625,22804.183226418474,27,0.378471314907074,-11276.5751953125,22601.150390625,22790.834091885867,24,-11330.4345703125,22710.869140625,22908.456329438402,25,0.4025602340698242,16.361328125,0.0009560585884563766,124.080078125,0.0
167,-10807.7685546875,21669.537109375,21882.931273293474,27,0.4515722393989563,-10824.70703125,21697.4140625,21887.097763760867,24,-10858.7373046875,21767.474609375,21965.061798188402,25,0.469600111246109,33.876953125,2.1032958208433428e-07,101.9375,0.0
168,-11075.0263671875,22204.052734375,22417.446898293474,27,0.45063674449920654,-11069.306640625,22186.61328125,22376.296982510867,24,-11088.8291015625,22227.658203125,22425.245391938402,25,0.4849345088005066,0.0,1.0,27.60546875,1.012858147131368e-06
169,-10785.8291015625,21625.658203125,21839.052367043474,27,0.4585159122943878,-10800.130859375,21648.26171875,21837.945420010867,24,-10836.0322265625,21722.064453125,21919.651641938402,25,0.4919288456439972,28.603515625,2.71288989006635e-06,100.40625,0.0
170,-11008.876953125,22071.75390625,22285.148070168474,27,0.47596967220306396,-11007.673828125,22063.34765625,22253.031357510867,24,-11046.4482421875,22142.896484375,22340.483673188402,25,0.5042760968208313,0.0,1.0,75.142578125,0.0
171,-10886.8134765625,21827.626953125,22041.021117043474,27,0.4591106176376343,-10892.236328125,21832.47265625,22022.156357510867,24,-10920.51171875,21891.0234375,22088.610626313402,25,0.486830472946167,10.845703125,0.012590157059084062,67.396484375,2.3314683517128287e-15
172,-10852.470703125,21758.94140625,21972.335570168474,27,0.5293799042701721,-10877.2841796875,21802.568359375,21992.252060635867,24,-10903.2158203125,21856.431640625,22054.018829438402,25,0.5395762920379639,49.626953125,9.592759919740956e-11,101.490234375,0.0
173,-10922.6142578125,21899.228515625,22112.622679543474,27,0.40876373648643494,-10925.57421875,21899.1484375,22088.832138760867,24,-10968.3896484375,21986.779296875,22184.366485688402,25,0.443844735622406,5.919921875,0.11557186549746667,91.55078125,0.0
174,-10540.486328125,21134.97265625,21348.366820168474,27,0.5287790298461914,-10545.751953125,21139.50390625,21329.187607510867,24,-10573.0595703125,21196.119140625,21393.706329438402,25,0.5862057209014893,10.53125,0.014550401935389479,65.146484375,7.105427357601002e-15
175,-10408.2666015625,20870.533203125,21083.927367043474,27,0.5003049969673157,-10426.0732421875,20900.146484375,21089.830185635867,24,-10489.8466796875,21029.693359375,21227.280548188402,25,0.5236998796463013,35.61328125,9.039377357744627e-08,163.16015625,0.0
176,-11421.626953125,22897.25390625,23110.648070168474,27,0.4243313670158386,-11442.0205078125,22932.041015625,23121.724716885867,24,-11473.6123046875,22997.224609375,23194.811798188402,25,0.46068844199180603,40.787109375,7.25562043779604e-09,103.970703125,0.0
177,-11109.20703125,22272.4140625,22485.808226418474,27,0.4700334966182709,-11118.4140625,22284.828125,22474.511826260867,24,-11157.091796875,22364.18359375,22561.770782563402,25,0.4998567998409271,18.4140625,0.0003612941202638664,95.76953125,0.0
178,-11044.4794921875,22142.958984375,22356.353148293474,27,0.5349357724189758,-11069.5283203125,22187.056640625,22376.740341885867,24,-11086.0185546875,22222.037109375,22419.624298188402,25,0.5413104295730591,50.09765625,7.615597041876754e-11,83.078125,0.0
179,-10906.4150390625,21866.830078125,22080.224242043474,27,0.44393834471702576,-10923.263671875,21894.52734375,22084.211045010867,24,-10965.4921875,21980.984375,22178.571563813402,25,0.4757770895957947,33.697265625,2.295234787785816e-07,118.154296875,0.0
180,-11175.0849609375,22404.169921875,22617.564085793474,27,0.47640591859817505,-11198.66015625,22445.3203125,22635.004013760867,24,-11207.7314453125,22465.462890625,22663.050079438402,25,0.4851248562335968,47.150390625,3.228789458020742e-10,65.29296875,6.661338147750939e-15
181,-10903.6728515625,21861.345703125,22074.739867043474,27,0.5068645477294922,-10935.802734375,21919.60546875,22109.289170010867,24,-10955.544921875,21961.08984375,22158.677032563402,25,0.5320911407470703,64.259765625,7.227551890309769e-14,103.744140625,0.0
182,-11224.787109375,22503.57421875,22716.968382668474,27,0.49656155705451965,-11226.0,22500.0,22689.683701260867,24,-11236.265625,22522.53125,22720.118438813402,25,0.522731363773346,2.42578125,0.48885349537858325,22.95703125,1.0350087077504178e-05
183,-11148.1181640625,22350.236328125,22563.630492043474,27,0.41078639030456543,-11158.1025390625,22364.205078125,22553.888779385867,24,-11194.966796875,22439.93359375,22637.520782563402,25,0.4314592182636261,19.96875,0.0001722925369196382,93.697265625,0.0
184,-10735.4267578125,21524.853515625,21738.247679543474,27,0.49768516421318054,-10760.302734375,21568.60546875,21758.289170010867,24,-10822.58203125,21695.1640625,21892.751251313402,25,0.5260770320892334,49.751953125,9.022482760911998e-11,174.310546875,0.0
185,-11153.1162109375,22360.232421875,22573.626585793474,27,0.4726172983646393,-11168.1123046875,22384.224609375,22573.908310635867,24,-11191.6689453125,22433.337890625,22630.925079438402,25,0.4986698627471924,29.9921875,1.385288982747035e-06,77.10546875,0.0
186,-10938.265625,21930.53125,22143.925413918474,27,0.4333321154117584,-10951.205078125,21950.41015625,22140.093857510867,24,-11011.314453125,22072.62890625,22270.216095063402,25,0.46289119124412537,25.87890625,1.011072107359734e-05,146.09765625,0.0
187,-10849.5859375,21753.171875,21966.566038918474,27,0.5310852527618408,-10871.03125,21790.0625,21979.746201260867,24,-10908.5517578125,21867.103515625,22064.690704438402,25,0.5370988845825195,42.890625,2.5961722771583595e-09,117.931640625,0.0
188,-11450.66015625,22955.3203125,23168.714476418474,27,0.4645533561706543,-11475.802734375,22999.60546875,23189.289170010867,24,-11505.2509765625,23060.501953125,23258.089141938402,25,0.5058490037918091,50.28515625,6.946554442777142e-11,109.181640625,0.0
189,-10814.5849609375,21683.169921875,21896.564085793474,27,0.3911305069923401,-10818.568359375,21685.13671875,21874.820420010867,24,-10871.982421875,21793.96484375,21991.552032563402,25,0.4186469614505768,7.966796875,0.046702921469035985,114.794921875,0.0
190,-10891.0888671875,21836.177734375,22049.571898293474,27,0.47651341557502747,-10884.064453125,21816.12890625,22005.812607510867,24,-10952.564453125,21955.12890625,22152.716095063402,25,0.49181804060935974,0.0,1.0,122.951171875,0.0
191,-11138.4833984375,22330.966796875,22544.360960793474,27,0.416283518075943,-11150.34765625,22348.6953125,22538.379013760867,24,-11186.2919921875,22422.583984375,22620.171173188402,25,0.45126205682754517,23.728515625,2.8461554568481873e-05,95.6171875,0.0
192,-11173.4443359375,22400.888671875,22614.282835793474,27,0.48115837574005127,-11191.7451171875,22431.490234375,22621.173935635867,24,-11219.4912109375,22488.982421875,22686.569610688402,25,0.5124947428703308,36.6015625,5.5869534221208994e-08,92.09375,0.0
193,-11149.978515625,22353.95703125,22567.351195168474,27,0.49887120723724365,-11158.2529296875,22364.505859375,22554.189560635867,24,-11157.9375,22365.875,22563.462188813402,25,0.5240874290466309,16.548828125,0.0008749576996877062,15.91796875,0.0003495079062304507
194,-10905.958984375,21865.91796875,22079.312132668474,27,0.47682884335517883,-10904.2802734375,21856.560546875,22046.244248135867,24,-10951.9267578125,21953.853515625,22151.440704438402,25,0.5071588158607483,0.0,1.0,91.935546875,0.0
195,-10782.71484375,21619.4296875,21832.823851418474,27,0.42263877391815186,-10790.2607421875,21628.521484375,21818.205185635867,24,-10837.2919921875,21724.583984375,21922.171173188402,25,0.4553574323654175,15.091796875,0.0017398589824973998,109.154296875,0.0
196,-11014.7060546875,22083.412109375,22296.806273293474,27,0.49754098057746887,-11023.4580078125,22094.916015625,22284.599716885867,24,-11056.771484375,22163.54296875,22361.130157563402,25,0.5037246346473694,17.50390625,0.0005566094099782593,84.130859375,0.0
197,-10770.0400390625,21594.080078125,21807.474242043474,27,0.5002184510231018,-10781.56640625,21611.1328125,21800.816513760867,24,-10824.2158203125,21698.431640625,21896.018829438402,25,0.5480458736419678,23.052734375,3.937372908247028e-05,108.3515625,0.0
198,-11018.95703125,22091.9140625,22305.308226418474,27,0.4505641758441925,-11015.9541015625,22079.908203125,22269.591904385867,24,-11065.16796875,22180.3359375,22377.923126313402,25,0.4786439836025238,0.0,1.0,92.421875,0.0
199,-11139.345703125,22332.69140625,22546.085570168474,27,0.47251248359680176,-11149.94140625,22347.8828125,22537.566513760867,24,-11206.7548828125,22463.509765625,22661.096954438402,25,0.4913864731788635,21.19140625,9.606661721339727e-05,134.818359375,0.0
