sim_id,CoxPH_HR,CoxPH_beta_S,CoxPH_beta_GS,CoxPH_LL,CoxPH_AIC,CoxPH_BIC,CoxPH_nparams,Markov_RR,Markov_risk_never,Markov_risk_always,Markov_beta_S,Markov_beta_GS,Markov_LL,Markov_AIC,Markov_BIC,Markov_nparams,HMM_RR,HMM_risk_never,HMM_risk_always,HMM_beta_S,HMM_beta_GS,HMM_beta_Z,HMM_LL,HMM_AIC,HMM_BIC,HMM_nparams
0,1.1955129996033877,0.17857538163661957,0.350719153881073,-11147.062759399414,22348.125518798828,22561.519682717302,27,5.113837416777905,0.053727008402347565,0.2747511863708496,0.1754460483789444,0.35257792472839355,-11147.686660766602,22349.373321533203,22562.767485451677,27,6.326229953951272,0.053574346005916595,0.3389236330986023,-0.20584551990032196,0.4896763265132904,1.569869875907898,-11076.3779296875,22206.755859375,22420.150023293474,27
1,1.2530156923381253,0.22555319964885712,0.28062063455581665,-11052.682250976562,22159.364501953125,22372.7586658716,27,4.554243212700848,0.05681983754038811,0.2587713599205017,0.21984483301639557,0.2840244472026825,-11051.46760559082,22156.93521118164,22370.329375100115,27,5.523776913255501,0.055568140000104904,0.3069460093975067,-0.12469631433486938,0.473005473613739,1.3920387029647827,-10930.2734375,21914.546875,22127.941038918474,27
2,1.0631383397178868,0.06122523173689842,0.33164629340171814,-10843.805694580078,21741.611389160156,21955.00555307863,27,3.5152242818299073,0.060585230588912964,0.21297067403793335,0.04998558759689331,0.3186933100223541,-10862.539978027344,21779.079956054688,21992.47411997316,27,5.110672119556446,0.05616728961467743,0.28705260157585144,-0.29607781767845154,0.519286036491394,1.4153785705566406,-10757.599609375,21569.19921875,21782.593382668474,27
3,1.1115440159368342,0.10575005412101746,0.2686067223548889,-11281.94058227539,22617.88116455078,22831.275328469255,27,4.375908718053139,0.05761953815817833,0.25213783979415894,0.1405969262123108,0.26821330189704895,-11259.531158447266,22573.06231689453,22786.456480813005,27,5.814486654667014,0.05506804212927818,0.3201923966407776,-0.20369009673595428,0.4469270408153534,1.5240100622177124,-11201.6875,22457.375,22670.769163918474,27
4,1.1958568338748818,0.17886294424533844,0.2757774591445923,-11004.48275756836,22062.96551513672,22276.359679055193,27,3.3379204457082094,0.06280503422021866,0.20963820815086365,0.17008157074451447,0.2768048942089081,-11016.590881347656,22087.181762695312,22300.575926613787,27,5.621469058137028,0.05506950244307518,0.3095715045928955,-0.14778761565685272,0.43103498220443726,1.4556134939193726,-10942.4345703125,21938.869140625,22152.263304543474,27
5,1.0823333344397532,0.07911920547485352,0.34057554602622986,-11009.672668457031,22073.345336914062,22286.739500832537,27,4.261068058391526,0.057368725538253784,0.24445204436779022,0.12421394884586334,0.3772919476032257,-11021.372955322266,22096.74591064453,22310.140074563005,27,5.878276213530531,0.05454828590154648,0.3206498920917511,-0.24713735282421112,0.5251737833023071,1.5233867168426514,-10956.2724609375,21966.544921875,22179.939085793474,27
6,1.2419204172232203,0.21665890514850616,0.3509244918823242,-10485.54818725586,21025.09637451172,21238.490538430193,27,3.2903723028791325,0.06011951342225075,0.19781558215618134,0.24340508878231049,0.37532833218574524,-10489.3994140625,21032.798828125,21246.192992043474,27,5.106303520121718,0.053824592381715775,0.2748447060585022,-0.14708095788955688,0.512502908706665,1.3321717977523804,-10418.3681640625,20890.736328125,21104.130492043474,27
7,1.3037636316231858,0.2652551829814911,0.2210414856672287,-11354.895324707031,22763.790649414062,22977.184813332537,27,4.340022874866459,0.0583580918610096,0.25327545404434204,0.2770514488220215,0.21823608875274658,-11345.200561523438,22744.401123046875,22957.79528696535,27,6.270632430419627,0.0538562573492527,0.3377127945423126,-0.06836451590061188,0.3752482831478119,1.5113312005996704,-11253.9287109375,22561.857421875,22775.251585793474,27
8,1.2775625692526642,0.24495401978492737,0.34077879786491394,-11251.450103759766,22556.90020751953,22770.294371438005,27,3.5779217405256554,0.06236109510064125,0.22312311828136444,0.21016983687877655,0.3009205758571625,-11270.409545898438,22594.819091796875,22808.21325571535,27,5.6510475921341765,0.055799223482608795,0.315324068069458,-0.15447001159191132,0.49495163559913635,1.4467759132385254,-11197.15234375,22448.3046875,22661.698851418474,27
9,1.289332613759806,0.2541247308254242,0.33596593141555786,-11355.945617675781,22765.891235351562,22979.285399270037,27,4.386205555826379,0.05819791927933693,0.25526803731918335,0.2583257257938385,0.3422454595565796,-11338.176544189453,22730.353088378906,22943.74725229738,27,6.156274905973666,0.053962208330631256,0.33220618963241577,-0.09490920603275299,0.49467185139656067,1.4466495513916016,-11220.6982421875,22495.396484375,22708.790648293474,27
10,1.3289590451337001,0.2843959629535675,0.34622761607170105,-10843.461639404297,21740.923278808594,21954.317442727068,27,4.254847946891925,0.054179735481739044,0.23052653670310974,0.30805689096450806,0.34589120745658875,-10819.905364990234,21693.81072998047,21907.204893898943,27,5.986359598557055,0.05277853459119797,0.31595128774642944,-0.07380595803260803,0.4724805951118469,1.4387900829315186,-10777.11328125,21608.2265625,21821.620726418474,27
11,1.3358292252919235,0.289552241563797,0.29246026277542114,-10929.346801757812,21912.693603515625,22126.0877674341,27,4.375380125682286,0.054732710123062134,0.23947641253471375,0.2956311106681824,0.29480990767478943,-10929.374450683594,21912.748901367188,22126.14306528566,27,5.710997324085517,0.05464811250567436,0.3120952248573303,-0.061897408217191696,0.4174709916114807,1.4203308820724487,-10864.31640625,21782.6328125,21996.026976418474,27
12,1.2440006096192666,0.21833248436450958,0.2646177113056183,-10871.317138671875,21796.63427734375,22010.028441262224,27,4.680062458861441,0.05620092153549194,0.26302382349967957,0.23073524236679077,0.30360934138298035,-10883.179748535156,21820.359497070312,22033.753660988787,27,5.876843804937371,0.05359478294849396,0.31496816873550415,-0.1394924819469452,0.4643126130104065,1.4712663888931274,-10807.81640625,21669.6328125,21883.026976418474,27
13,1.4109489338217613,0.3442624807357788,0.27853381633758545,-11099.850952148438,22253.701904296875,22467.09606821535,27,3.957768993341082,0.05704119801521301,0.22575588524341583,0.32532063126564026,0.2624693512916565,-11096.251068115234,22246.50213623047,22459.896300148943,27,5.90595302907478,0.05411728471517563,0.31961414217948914,-0.04733474925160408,0.4287969172000885,1.432639241218567,-11026.5107421875,22107.021484375,22320.415648293474,27
14,1.0726856241660598,0.07016543298959732,0.3682616055011749,-10651.434143066406,21356.868286132812,21570.262450051287,27,3.5357985800964,0.05760244280099869,0.20367063581943512,0.06506174802780151,0.3631103038787842,-10654.1103515625,21362.220703125,21575.614867043474,27,5.038824833852305,0.05460400506854057,0.27514001727104187,-0.2725992202758789,0.5622016787528992,1.402754306793213,-10580.2568359375,21214.513671875,21427.907835793474,27
15,1.272832824168454,0.24124498665332794,0.28549230098724365,-11092.419189453125,22238.83837890625,22452.232542824724,27,3.216594145073215,0.06316997110843658,0.20319215953350067,0.2367837280035019,0.274739146232605,-11087.970642089844,22229.941284179688,22443.33544809816,27,5.210329177728634,0.05774647369980812,0.3008781373500824,-0.14723995327949524,0.4144947826862335,1.3890994787216187,-11039.0703125,22132.140625,22345.534788918474,27
16,1.3048231765337728,0.2660675346851349,0.331533819437027,-10889.263793945312,21832.527587890625,22045.9217518091,27,4.469916752041502,0.057143550366163254,0.25542691349983215,0.25250881910324097,0.3310888111591339,-10909.017852783203,21872.035705566406,22085.42986948488,27,5.491038405503961,0.05452137440443039,0.2993789613246918,-0.13070951402187347,0.4680141806602478,1.3958826065063477,-10789.7705078125,21633.541015625,21846.935179543474,27
17,1.2481423084796992,0.22165629267692566,0.2681870460510254,-11111.583618164062,22277.167236328125,22490.5614002466,27,4.501575564326573,0.05466975271701813,0.2461000233888626,0.23608800768852234,0.2496086061000824,-11077.937225341797,22209.874450683594,22423.268614602068,27,6.280116238926798,0.05258115753531456,0.33021578192710876,-0.12092949450016022,0.4464002251625061,1.5366986989974976,-10971.68359375,21997.3671875,22210.761351418474,27
18,1.2925534646551982,0.2566196918487549,0.2599148750305176,-11164.291961669922,22382.583923339844,22595.978087258318,27,3.8826820926092327,0.05996351316571236,0.23281925916671753,0.2537291944026947,0.28340497612953186,-11168.140594482422,22390.281188964844,22603.675352883318,27,5.622164233953173,0.05651850625872612,0.317756325006485,-0.14600516855716705,0.40352383255958557,1.4590669870376587,-11113.32421875,22280.6484375,22494.042601418474,27
19,1.3505250583847639,0.300493448972702,0.3152013421058655,-10999.126556396484,22052.25311279297,22265.647276711443,27,4.397079223281174,0.0571824349462986,0.25143569707870483,0.27808764576911926,0.30452460050582886,-11007.6533203125,22069.306640625,22282.700804543474,27,5.864212336198232,0.054825566709041595,0.3215087652206421,-0.07359254360198975,0.4421299695968628,1.431375503540039,-10953.9384765625,21961.876953125,22175.271117043474,27
20,1.256071680868488,0.22798913717269897,0.3322107195854187,-11200.325073242188,22454.650146484375,22668.04431040285,27,4.004775140748995,0.058423228561878204,0.23397189378738403,0.2292993664741516,0.32788926362991333,-11199.619445800781,22453.238891601562,22666.633055520037,27,5.920469255147931,0.054567668586969376,0.32306620478630066,-0.16712020337581635,0.46836528182029724,1.4892317056655884,-11129.8388671875,22313.677734375,22527.071898293474,27
21,1.1916475764304229,0.17533686757087708,0.36109480261802673,-11071.027893066406,22196.055786132812,22409.449950051287,27,3.8205865848192233,0.05843152478337288,0.22324270009994507,0.17196562886238098,0.361465722322464,-11075.917510986328,22205.835021972656,22419.22918589113,27,5.570798854027765,0.05491568520665169,0.3059242367744446,-0.2054913341999054,0.49229419231414795,1.458971619606018,-10996.892578125,22047.78515625,22261.179320168474,27
22,1.1959176182643663,0.17891377210617065,0.36574679613113403,-11266.157348632812,22586.314697265625,22799.7088611841,27,3.9183701777829554,0.059053126722574234,0.2313920110464096,0.1779954731464386,0.3675374984741211,-11269.830139160156,22593.660278320312,22807.054442238787,27,6.592227440380177,0.0523245669901371,0.34493544697761536,-0.18928861618041992,0.4986989200115204,1.6067814826965332,-11176.341796875,22406.68359375,22620.077757668474,27
23,1.2701661361994683,0.23914770781993866,0.27701982855796814,-11190.174743652344,22434.349487304688,22647.74365122316,27,4.716024872282884,0.058041106909513474,0.273723304271698,0.20512735843658447,0.28731822967529297,-11230.152801513672,22514.305603027344,22727.699766945818,27,5.5892698798560385,0.056020013988018036,0.31311097741127014,-0.14938786625862122,0.47651293873786926,1.4282363653182983,-11126.5908203125,22307.181640625,22520.575804543474,27
24,1.279240635246618,0.24626664817333221,0.20034414529800415,-11283.77896118164,22621.55792236328,22834.952086281755,27,4.11383457492071,0.0570778027176857,0.23480863869190216,0.2336999922990799,0.15382127463817596,-11282.228393554688,22618.456787109375,22831.85095102785,27,5.7706800527889985,0.05566337704658508,0.32121554017066956,-0.17796289920806885,0.41275665163993835,1.5111491680145264,-11173.021484375,22400.04296875,22613.437132668474,27
25,1.1237710847070108,0.11669006943702698,0.36213988065719604,-10884.234832763672,21822.469665527344,22035.863829445818,27,3.3737123026370384,0.06040363758802414,0.2037844955921173,0.14928467571735382,0.37240904569625854,-10884.872741699219,21823.745483398438,22037.13964731691,27,5.081641200326156,0.05641372129321098,0.28667429089546204,-0.21533720195293427,0.49599552154541016,1.3975694179534912,-10832.798828125,21719.59765625,21932.991820168474,27
26,1.2569511788284673,0.22868908941745758,0.30055534839630127,-10761.075653076172,21576.151306152344,21789.545470070818,27,3.56877475928802,0.05951615050435066,0.21239973604679108,0.26511237025260925,0.31785857677459717,-10769.419082641602,21592.838165283203,21806.232329201677,27,5.8711706811787225,0.05335582420229912,0.31326115131378174,-0.1547519415616989,0.4286572337150574,1.4761707782745361,-10689.02734375,21432.0546875,21645.448851418474,27
27,1.2927510544527647,0.25677254796028137,0.27732089161872864,-10758.066223144531,21570.132446289062,21783.526610207537,27,5.531974491324046,0.050900898873806,0.28158247470855713,0.2551448941230774,0.2836422920227051,-10761.192504882812,21576.385009765625,21789.7791736841,27,6.1658236629772025,0.05218476429581642,0.3217620551586151,-0.11889789998531342,0.4897102415561676,1.4921265840530396,-10685.548828125,21425.09765625,21638.491820168474,27
28,1.2374107597999044,0.21302109956741333,0.35233792662620544,-10832.438995361328,21718.877990722656,21932.27215464113,27,5.067378382571297,0.05237237364053726,0.26539063453674316,0.214242622256279,0.3558734059333801,-10829.23501586914,21712.47003173828,21925.864195656755,27,6.173851858360582,0.05179458484053612,0.3197720944881439,-0.17238812148571014,0.5343425273895264,1.508447289466858,-10717.0419921875,21488.083984375,21701.478148293474,27
29,1.1398075865206039,0.13085946440696716,0.3281356990337372,-11134.268371582031,22322.536743164062,22535.930907082537,27,3.935358495125478,0.05835177004337311,0.22963513433933258,0.14230996370315552,0.3499350845813751,-11152.775894165039,22359.551788330078,22572.945952248552,27,5.76282860562804,0.05540928989648819,0.31931424140930176,-0.1968301236629486,0.5059451460838318,1.4684581756591797,-11084.396484375,22222.79296875,22436.187132668474,27
30,1.1590541869684077,0.1476043164730072,0.34221625328063965,-11150.34408569336,22354.68817138672,22568.082335305193,27,4.208741074377571,0.05840805172920227,0.24582436680793762,0.12557116150856018,0.3438807427883148,-11171.14486694336,22396.28973388672,22609.683897805193,27,5.079875988732437,0.056458745151758194,0.2868034243583679,-0.2133038491010666,0.552290678024292,1.3681391477584839,-11060.2353515625,22174.470703125,22387.864867043474,27
31,1.1813467231794164,0.16665507853031158,0.35417822003364563,-11077.203994750977,22208.407989501953,22421.802153420427,27,3.968025531617349,0.05749824643135071,0.2281545102596283,0.1772349625825882,0.3405979573726654,-11077.54898071289,22209.09796142578,22422.492125344255,27,5.652061604890994,0.05493497848510742,0.31049588322639465,-0.14830759167671204,0.48405712842941284,1.4357446432113647,-11012.2763671875,22078.552734375,22291.946898293474,27
32,1.1606560617260786,0.14898541569709778,0.2596137523651123,-10953.142852783203,21960.285705566406,22173.67986948488,27,5.331569597839842,0.053604088723659515,0.2857939302921295,0.16733083128929138,0.2651023268699646,-10936.323516845703,21926.647033691406,22140.04119760988,27,5.690228823211338,0.05442681908607483,0.3097010552883148,-0.12838909029960632,0.45844054222106934,1.4363489151000977,-10781.7919921875,21617.583984375,21830.978148293474,27
33,1.2636004656578275,0.23396515846252441,0.27185606956481934,-11202.377716064453,22458.755432128906,22672.14959604738,27,4.678730029464936,0.05628042668104172,0.2633209228515625,0.2500097155570984,0.27024003863334656,-11195.205444335938,22444.410888671875,22657.80505259035,27,5.8196664388925345,0.055011577904224396,0.3201490342617035,-0.11368337273597717,0.4442533850669861,1.4569675922393799,-11112.91015625,22279.8203125,22493.214476418474,27
34,1.204772917040364,0.18629109859466553,0.2628815770149231,-10863.897369384766,21781.79473876953,21995.188902688005,27,3.7742119344784646,0.05818214640021324,0.21959175169467926,0.22135694324970245,0.2961917519569397,-10860.466217041016,21774.93243408203,21988.326598000505,27,5.391626211350965,0.05558836832642555,0.2997117042541504,-0.13946741819381714,0.4339591860771179,1.4065014123916626,-10801.634765625,21657.26953125,21870.663695168474,27
35,1.2813295322343659,0.24789823591709137,0.38443082571029663,-11116.488723754883,22286.977447509766,22500.37161142824,27,3.9952481081917233,0.05986322462558746,0.2391684353351593,0.24433402717113495,0.38415971398353577,-11129.856170654297,22313.712341308594,22527.106505227068,27,5.370748905993519,0.056071143597364426,0.3011440336704254,-0.15390688180923462,0.5144771337509155,1.3799524307250977,-11039.0078125,22132.015625,22345.409788918474,27
36,1.1668223220219347,0.15428408980369568,0.3203515112400055,-11025.82797241211,22105.65594482422,22319.050108742693,27,5.778149318101978,0.051722388714551926,0.29885968565940857,0.17362768948078156,0.32401546835899353,-11012.10073852539,22078.20147705078,22291.595640969255,27,5.9762164622005685,0.05336744338274002,0.3189353942871094,-0.1410326063632965,0.4903402626514435,1.4823789596557617,-10892.693359375,21839.38671875,22052.780882668474,27
37,1.3125035452541025,0.27193641662597656,0.27795836329460144,-10913.513458251953,21881.026916503906,22094.42108042238,27,4.8196579161848705,0.05222415179014206,0.25170254707336426,0.25970399379730225,0.26563742756843567,-10911.732711791992,21877.465423583984,22090.85958750246,27,6.124917274656691,0.05212072283029556,0.3192351162433624,-0.09814301133155823,0.43328747153282166,1.4874653816223145,-10833.484375,21720.96875,21934.362913918474,27
38,1.243248325484032,0.21772757172584534,0.38697803020477295,-10900.953720092773,21855.907440185547,22069.30160410402,27,3.627456159224224,0.05820980668067932,0.2111535221338272,0.1953149288892746,0.36134815216064453,-10896.746566772461,21847.493133544922,22060.887297463396,27,5.452991404789092,0.054909031838178635,0.29941847920417786,-0.14168013632297516,0.5212278962135315,1.3797316551208496,-10854.3671875,21762.734375,21976.128538918474,27
39,1.3157763969060192,0.2744269073009491,0.2553695738315582,-11075.026885986328,22204.053771972656,22417.44793589113,27,4.903936507821579,0.05621478706598282,0.2756737470626831,0.22897957265377045,0.24861812591552734,-11124.618103027344,22303.236206054688,22516.63036997316,27,5.9099162618489975,0.054264746606349945,0.32070010900497437,-0.07807080447673798,0.4311847686767578,1.4477276802062988,-11015.8291015625,22085.658203125,22299.052367043474,27
40,1.274263526181662,0.24236838519573212,0.2926292419433594,-10776.841918945312,21607.683837890625,21821.0780018091,27,4.45026663063245,0.054529979825019836,0.24267295002937317,0.2607984244823456,0.28204968571662903,-10777.845443725586,21609.690887451172,21823.085051369646,27,5.6742565300999015,0.05429737642407417,0.308097243309021,-0.1333528608083725,0.47377344965934753,1.4275704622268677,-10722.353515625,21498.70703125,21712.101195168474,27
41,1.2420993836816094,0.21680299937725067,0.2759459912776947,-11505.880996704102,23065.761993408203,23279.156157326677,27,4.225590789890181,0.058448027819395065,0.24697744846343994,0.21147538721561432,0.28387022018432617,-11503.02685546875,23060.0537109375,23273.447874855974,27,6.024708830060072,0.05499063804745674,0.33130258321762085,-0.12246103584766388,0.41791191697120667,1.4986425638198853,-11396.923828125,22847.84765625,23061.241820168474,27
42,1.2340146764448852,0.21027281880378723,0.41927847266197205,-10965.259521484375,21984.51904296875,22197.913206887224,27,3.479855037495225,0.062028851360082626,0.21585141122341156,0.21991680562496185,0.4103255569934845,-10966.567932128906,21987.135864257812,22200.530028176287,27,5.012914348512309,0.057352710515260696,0.2875042259693146,-0.20435883104801178,0.5166133642196655,1.3641284704208374,-10876.427734375,21806.85546875,22020.249632668474,27
43,1.184220312209868,0.1690845936536789,0.34152522683143616,-10649.586471557617,21353.172943115234,21566.56710703371,27,4.507199271577099,0.05446091294288635,0.2454661875963211,0.17862854897975922,0.34850597381591797,-10677.420181274414,21408.840362548828,21622.234526467302,27,5.847018032885112,0.05301089957356453,0.3099556863307953,-0.17069637775421143,0.506545901298523,1.4835493564605713,-10618.0888671875,21290.177734375,21503.571898293474,27
44,1.3167827567996901,0.27519145607948303,0.32271814346313477,-11203.323333740234,22460.64666748047,22674.040831398943,27,4.4984959612578646,0.054683130234479904,0.24599184095859528,0.24154523015022278,0.287749707698822,-11181.271453857422,22416.542907714844,22629.937071633318,27,5.975783451135417,0.0541708804666996,0.3237134516239166,-0.07407107949256897,0.457348495721817,1.4370261430740356,-11126.78515625,22307.5703125,22520.964476418474,27
45,1.2106731758689222,0.19117654860019684,0.23382118344306946,-10934.620574951172,21923.241149902344,22136.635313820818,27,4.114119341096282,0.05713450163602829,0.23505815863609314,0.22232982516288757,0.28740277886390686,-10945.117202758789,21944.234405517578,22157.628569436052,27,5.571999281555462,0.056257378309965134,0.31346607208251953,-0.14130645990371704,0.44259780645370483,1.4285743236541748,-10882.88671875,21819.7734375,22033.167601418474,27
46,1.2003341503527292,0.1825999766588211,0.25819915533065796,-10998.386611938477,22050.773223876953,22264.167387795427,27,4.659697791503548,0.056414805352687836,0.2628759443759918,0.17876455187797546,0.256852388381958,-11004.09506225586,22062.19012451172,22275.584288430193,27,5.233925572375922,0.05618908628821373,0.29408949613571167,-0.15929560363292694,0.4797472655773163,1.3792948722839355,-10916.650390625,21887.30078125,22100.694945168474,27
47,1.1662598314697024,0.15380190312862396,0.2675274908542633,-11120.649353027344,22295.298706054688,22508.69286997316,27,5.5885666721263565,0.05377849563956261,0.30054470896720886,0.1304442137479782,0.2662179172039032,-11153.697784423828,22361.395568847656,22574.78973276613,27,6.006934322488085,0.05390827730298042,0.323823481798172,-0.18340641260147095,0.47866320610046387,1.5151077508926392,-11027.7080078125,22109.416015625,22322.810179543474,27
48,1.2113029327838283,0.19169658422470093,0.27796509861946106,-10802.612579345703,21659.225158691406,21872.61932260988,27,4.6026020447648985,0.053594689816236496,0.2466750293970108,0.2000894993543625,0.28244468569755554,-10808.294952392578,21670.589904785156,21883.98406870363,27,5.967812004547116,0.05323806777596474,0.31771478056907654,-0.19732347130775452,0.4902423322200775,1.5082706212997437,-10711.80859375,21477.6171875,21691.011351418474,27
49,1.1794718972085054,0.16506679356098175,0.3983931541442871,-11082.579864501953,22219.159729003906,22432.55389292238,27,3.9913623708536505,0.05779929831624031,0.23069794476032257,0.1725158542394638,0.4025820195674896,-11083.657608032227,22221.315216064453,22434.709379982927,27,5.504375351103296,0.054759375751018524,0.30141615867614746,-0.15948747098445892,0.4977702796459198,1.4206993579864502,-10976.4189453125,22006.837890625,22220.232054543474,27
50,1.216609074572004,0.19606754183769226,0.2511008679866791,-10822.004791259766,21698.00958251953,21911.403746438005,27,4.689074963955071,0.056238237768411636,0.263705313205719,0.1656063199043274,0.2564278244972229,-10850.788024902344,21755.576049804688,21968.97021372316,27,4.979992562751468,0.05693872645497322,0.28355443477630615,-0.17669764161109924,0.44506677985191345,1.3502601385116577,-10748.369140625,21550.73828125,21764.132445168474,27
51,1.1312979938561472,0.12336564064025879,0.29006427526474,-10981.273376464844,22016.546752929688,22229.94091684816,27,3.6737610659158517,0.059525273740291595,0.21868163347244263,0.14299926161766052,0.30077365040779114,-10987.77767944336,22029.55535888672,22242.949522805193,27,5.20694308447744,0.05734026059508324,0.2985674738883972,-0.2203395962715149,0.44774365425109863,1.429384469985962,-10923.166015625,21900.33203125,22113.726195168474,27
52,1.277145304660658,0.24462735652923584,0.2932826280593872,-11048.929397583008,22151.858795166016,22365.25295908449,27,3.9101970603496308,0.0586957149207592,0.2295118123292923,0.24041518568992615,0.2975437641143799,-11061.65592956543,22177.31185913086,22390.706023049333,27,5.954414418181,0.05486948415637016,0.3267156481742859,-0.13159982860088348,0.4480515718460083,1.4796316623687744,-10989.23828125,22032.4765625,22245.870726418474,27
53,1.1012393718449445,0.09643624722957611,0.3279656767845154,-11135.246185302734,22324.49237060547,22537.886534523943,27,4.047705171239328,0.057289838790893555,0.23189237713813782,0.06754132360219955,0.26975780725479126,-11138.066650390625,22330.13330078125,22543.527464699724,27,5.793221176323135,0.05492764711380005,0.3182080090045929,-0.28256624937057495,0.4817679822444916,1.5646634101867676,-11018.736328125,22091.47265625,22304.866820168474,27
54,1.305969906300512,0.2669459879398346,0.23938003182411194,-10867.670989990234,21789.34197998047,22002.736143898943,27,4.707481644580578,0.054091859608888626,0.2546364367008209,0.2725326716899872,0.23780971765518188,-10864.897979736328,21783.795959472656,21997.19012339113,27,5.7252842221426175,0.05444301664829254,0.3117017447948456,-0.11832533031702042,0.40569964051246643,1.4603281021118164,-10795.908203125,21645.81640625,21859.210570168474,27
55,1.1442538501174027,0.1347527652978897,0.3359067440032959,-10861.18667602539,21776.37335205078,21989.767515969255,27,5.172262674536538,0.05362965539097786,0.2773866653442383,0.11143520474433899,0.32498714327812195,-10879.178588867188,21812.357177734375,22025.75134165285,27,5.318097849380187,0.05540431663393974,0.2946455776691437,-0.20309121906757355,0.5078219771385193,1.4180179834365845,-10789.0625,21632.125,21845.519163918474,27
56,1.3706317909236367,0.31527179479599,0.2558079659938812,-11279.004959106445,22612.00991821289,22825.404082131365,27,5.256459706181899,0.055093903094530106,0.28959888219833374,0.30175837874412537,0.27749836444854736,-11306.976150512695,22667.95230102539,22881.346464943865,27,5.884137423237673,0.0550721138715744,0.3240518867969513,-0.07317802309989929,0.4749903976917267,1.4153581857681274,-11145.9638671875,22345.927734375,22559.321898293474,27
57,1.2023088544355305,0.18424375355243683,0.3816215693950653,-11063.811218261719,22181.622436523438,22395.01660044191,27,5.6273423243500025,0.05305374041199684,0.2985515594482422,0.1654818207025528,0.36476513743400574,-11088.68099975586,22231.36199951172,22444.756163430193,27,5.722346480844677,0.05451260507106781,0.3119400143623352,-0.13706964254379272,0.4985528290271759,1.4370877742767334,-10979.208984375,22012.41796875,22225.812132668474,27
58,1.326860196550003,0.2828153967857361,0.3326297402381897,-10736.365051269531,21526.730102539062,21740.124266457537,27,4.08941576305983,0.05563785508275032,0.22752632200717926,0.28520312905311584,0.33238691091537476,-10744.37043762207,21542.74087524414,21756.135039162615,27,6.350695131412744,0.051910169422626495,0.3296656608581543,-0.11824788898229599,0.5119805335998535,1.5131043195724487,-10658.60546875,21371.2109375,21584.605101418474,27
59,1.301348340919155,0.2634009122848511,0.2818562090396881,-11407.111236572266,22868.22247314453,23081.616637063005,27,4.71087098543075,0.0572214312851429,0.2695627808570862,0.26419901847839355,0.2910062372684479,-11414.080078125,22882.16015625,23095.554320168474,27,5.552168506066065,0.05602376163005829,0.3110533654689789,-0.03670850768685341,0.4180160164833069,1.3608249425888062,-11306.302734375,22666.60546875,22879.999632668474,27
60,1.3475177222377062,0.29826417565345764,0.33913442492485046,-11122.224151611328,22298.448303222656,22511.84246714113,27,5.056348826309729,0.055181317031383514,0.27901598811149597,0.28960326313972473,0.33099010586738586,-11135.183959960938,22324.367919921875,22537.76208384035,27,5.993333555917767,0.0542115792632103,0.3249080777168274,-0.08847540616989136,0.4950369596481323,1.4385873079299927,-11004.0087890625,22062.017578125,22275.411742043474,27
61,1.2374593471424868,0.21306036412715912,0.27873358130455017,-11167.476257324219,22388.952514648438,22602.34667856691,27,3.6202024418921845,0.061248522251844406,0.22173205018043518,0.19665837287902832,0.27281373739242554,-11147.574432373047,22349.148864746094,22562.543028664568,27,5.854178674602142,0.05441700294613838,0.31856685876846313,-0.12807390093803406,0.4011625051498413,1.4770934581756592,-11067.2685546875,22188.537109375,22401.931273293474,27
62,1.1237486794592901,0.11667013168334961,0.30690088868141174,-11003.366592407227,22060.733184814453,22274.127348732927,27,4.4988179497262015,0.05797944217920303,0.26083895564079285,0.09415370970964432,0.31390464305877686,-11027.298370361328,22108.596740722656,22321.99090464113,27,5.107825657223239,0.05677473172545433,0.2899954319000244,-0.18739080429077148,0.49907949566841125,1.3647794723510742,-10928.134765625,21910.26953125,22123.663695168474,27
63,1.1803166672533523,0.16578276455402374,0.3196627199649811,-11011.132720947266,22076.26544189453,22289.659605813005,27,4.700498439715047,0.05566543713212013,0.2616553008556366,0.17957137525081635,0.33321571350097656,-11008.894744873047,22071.789489746094,22285.183653664568,27,5.314455632360035,0.055596232414245605,0.2954637110233307,-0.109444260597229,0.49629902839660645,1.3535819053649902,-10915.025390625,21884.05078125,22097.444945168474,27
64,1.4329997439695947,0.3597699701786041,0.27472957968711853,-10917.77082824707,21889.54165649414,22102.935820412615,27,3.773531409825947,0.05785045027732849,0.2183004915714264,0.3784776031970978,0.2646161615848541,-10915.549865722656,21885.099731445312,22098.493895363787,27,5.526210970926627,0.05528551712632179,0.3055194318294525,-0.02712678723037243,0.45304152369499207,1.324118733406067,-10862.189453125,21778.37890625,21991.773070168474,27
65,1.1485076029853671,0.1384633630514145,0.37672263383865356,-10960.809814453125,21975.61962890625,22189.013792824724,27,4.352800436921732,0.0548539012670517,0.2387680858373642,0.13895614445209503,0.3805560767650604,-10939.274536132812,21932.549072265625,22145.9432361841,27,5.92473084769173,0.05257069692015648,0.3114672303199768,-0.21688029170036316,0.520736813545227,1.5113238096237183,-10827.7421875,21709.484375,21922.878538918474,27
66,1.1780113115313275,0.16382768750190735,0.3231586515903473,-11084.874389648438,22223.748779296875,22437.14294321535,27,5.297088273486542,0.0546351857483387,0.2894074022769928,0.15677154064178467,0.31038713455200195,-11090.280944824219,22234.561889648438,22447.95605356691,27,5.683494793082696,0.054897259920835495,0.3120082914829254,-0.14527754485607147,0.47883695363998413,1.4326832294464111,-10984.9267578125,22023.853515625,22237.247679543474,27
67,1.2143442403746245,0.1942042112350464,0.23138101398944855,-11226.269775390625,22506.53955078125,22719.933714699724,27,3.7195962191121428,0.060880839824676514,0.22645214200019836,0.1949596256017685,0.24632427096366882,-11229.169372558594,22512.338745117188,22725.73290903566,27,5.535364376481503,0.057400383055210114,0.317732036113739,-0.20053832232952118,0.4105798602104187,1.4800808429718018,-11175.7294921875,22405.458984375,22618.853148293474,27
68,1.2050416423041401,0.18651412427425385,0.3300963342189789,-11211.258178710938,22476.516357421875,22689.91052134035,27,4.205298163389309,0.05668080598115921,0.23835968971252441,0.20946618914604187,0.3571976125240326,-11211.559478759766,22477.11895751953,22690.513121438005,27,6.041977002754989,0.0536726675927639,0.3242890238761902,-0.11797986179590225,0.48276838660240173,1.46114981174469,-11134.9912109375,22323.982421875,22537.376585793474,27
69,1.2171385170094295,0.19650262594223022,0.2587208151817322,-11215.590789794922,22485.181579589844,22698.575743508318,27,4.126566302652142,0.05794374272227287,0.23910869657993317,0.19254498183727264,0.25132593512535095,-11212.625946044922,22479.251892089844,22692.646056008318,27,5.53917253539077,0.056395918130874634,0.31238672137260437,-0.2032547891139984,0.4507048726081848,1.4774490594863892,-11130.5302734375,22315.060546875,22528.454710793474,27
70,1.1788150376579314,0.16450972855091095,0.33147507905960083,-11204.219696044922,22462.439392089844,22675.833556008318,27,3.9168377524106144,0.05870695039629936,0.2299456000328064,0.1954394429922104,0.35584598779678345,-11254.731872558594,22563.463745117188,22776.85790903566,27,6.181486457516625,0.054302360862493515,0.33566930890083313,-0.190257728099823,0.49677959084510803,1.5325690507888794,-11176.9375,22407.875,22621.269163918474,27
71,1.2328153893970926,0.20930048823356628,0.2578663229942322,-10889.400115966797,21832.800231933594,22046.194395852068,27,3.9901225898190864,0.056861065328121185,0.22688262164592743,0.2110455334186554,0.25111299753189087,-10886.60757446289,21827.21514892578,22040.609312844255,27,5.515613782749365,0.05465947091579437,0.3014805316925049,-0.12587790191173553,0.4489590525627136,1.4128632545471191,-10810.076171875,21674.15234375,21887.546507668474,27
72,1.3030281550938847,0.26469090580940247,0.35185864567756653,-11469.632843017578,22993.265686035156,23206.65984995363,27,4.145158331823427,0.06060117855668068,0.25120148062705994,0.24469026923179626,0.3408600687980652,-11465.951782226562,22985.903564453125,23199.2977283716,27,5.614889365069196,0.05642102658748627,0.31679782271385193,-0.07677971571683884,0.469353049993515,1.3745535612106323,-11351.234375,22756.46875,22969.862913918474,27
73,1.2929522194846448,0.25692814588546753,0.23620474338531494,-10979.031707763672,22012.063415527344,22225.457579445818,27,4.4186590876893534,0.05429955571889877,0.23993122577667236,0.27509158849716187,0.2386511266231537,-10980.330932617188,22014.661865234375,22228.05602915285,27,5.974171290416546,0.05318101868033409,0.3177125155925751,-0.0953669548034668,0.44698280096054077,1.450480341911316,-10944.7255859375,21943.451171875,22156.845335793474,27
74,1.2553441588191543,0.22740976512432098,0.32351869344711304,-10815.781372070312,21685.562744140625,21898.9569080591,27,4.551503264726408,0.053783118724823,0.24479404091835022,0.2252136468887329,0.32143211364746094,-10813.984893798828,21681.969787597656,21895.36395151613,27,6.159241544503574,0.052126698195934296,0.3210609257221222,-0.14250683784484863,0.4792957901954651,1.5169625282287598,-10755.2724609375,21564.544921875,21777.939085793474,27
75,1.2476492223267186,0.2212611585855484,0.35662731528282166,-11287.717071533203,22629.434143066406,22842.82830698488,27,3.4525272282761326,0.06278973072767258,0.21678325533866882,0.18766963481903076,0.3094703257083893,-11307.639892578125,22669.27978515625,22882.673949074724,27,5.54169716554958,0.05625511333346367,0.31174880266189575,-0.16995364427566528,0.5219215750694275,1.4169788360595703,-11227.96875,22509.9375,22723.331663918474,27
76,1.1776069077667533,0.1634843349456787,0.31555041670799255,-11003.528594970703,22061.057189941406,22274.45135385988,27,5.69414704582874,0.05181188881397247,0.2950245141983032,0.17431968450546265,0.31307268142700195,-10998.355010986328,22050.710021972656,22264.10418589113,27,5.922411575071575,0.05273839831352234,0.3123385012149811,-0.10207203775644302,0.4813220202922821,1.4559807777404785,-10862.3330078125,21778.666015625,21992.060179543474,27
77,1.305337827623075,0.26646187901496887,0.35413917899131775,-10974.830108642578,22003.660217285156,22217.05438120363,27,5.233391889881092,0.05427052080631256,0.2840189039707184,0.25706708431243896,0.36281344294548035,-10997.75405883789,22049.50811767578,22262.902281594255,27,6.3943023183811905,0.05277064070105553,0.3374314308166504,-0.1152709573507309,0.4804675579071045,1.5081052780151367,-10893.5361328125,21841.072265625,22054.466429543474,27
78,1.1590822185514336,0.14762850105762482,0.3430025577545166,-10976.816329956055,22007.63265991211,22221.026823830583,27,4.70739498377725,0.05621965229511261,0.26464810967445374,0.14139029383659363,0.334736704826355,-10983.539123535156,22021.078247070312,22234.472410988787,27,6.046555714061269,0.05341401323676109,0.32297080755233765,-0.22387339174747467,0.51657634973526,1.5276226997375488,-10883.216796875,21820.43359375,22033.827757668474,27
79,1.0700828010352812,0.06773602962493896,0.38094383478164673,-10941.481094360352,21936.962188720703,22150.356352639177,27,3.3828303854145956,0.060571301728487015,0.20490244030952454,0.07173518091440201,0.39643171429634094,-10931.439895629883,21916.879791259766,22130.27395517824,27,5.450332742998458,0.05423200502991676,0.29558247327804565,-0.30082449316978455,0.5954862833023071,1.4778310060501099,-10828.5087890625,21711.017578125,21924.411742043474,27
80,1.315892316208586,0.2745150029659271,0.32068461179733276,-11155.089492797852,22364.178985595703,22577.573149514177,27,4.260223121478359,0.058164793998003006,0.2477950006723404,0.27264776825904846,0.3158060908317566,-11161.635757446289,22377.271514892578,22590.665678811052,27,5.5799951901452625,0.05603577941656113,0.31267938017845154,-0.080930195748806,0.45780888199806213,1.3979051113128662,-11058.1484375,22170.296875,22383.691038918474,27
81,1.271416497759614,0.24013163149356842,0.357439249753952,-10984.055633544922,22022.111267089844,22235.505431008318,27,3.5268784815300256,0.0597693957388401,0.21079939603805542,0.2494790405035019,0.35020506381988525,-10985.257568359375,22024.51513671875,22237.909300637224,27,5.463398995055738,0.05464750528335571,0.29856112599372864,-0.11412552744150162,0.5015984773635864,1.3688971996307373,-10911.1689453125,21876.337890625,22089.732054543474,27
82,1.225550963359647,0.20339050889015198,0.3291957974433899,-11430.59992980957,22915.19985961914,23128.594023537615,27,4.012372019883711,0.060068219900131226,0.24101604521274567,0.18754205107688904,0.3284856975078583,-11429.480834960938,22912.961669921875,23126.35583384035,27,5.119386652423045,0.05849689990282059,0.2994682490825653,-0.18722622096538544,0.45550620555877686,1.4087231159210205,-11292.2021484375,22638.404296875,22851.798460793474,27
83,1.240680741951264,0.2156602144241333,0.30487439036369324,-11456.065490722656,22966.130981445312,23179.525145363787,27,4.185889733017719,0.059713587164878845,0.249954491853714,0.2163747400045395,0.28491905331611633,-11449.124694824219,22952.249389648438,23165.64355356691,27,5.941270438567506,0.055483970791101456,0.3296452760696411,-0.17011569440364838,0.4398747682571411,1.5156859159469604,-11359.14453125,22772.2890625,22985.683226418474,27
84,1.1783820521107646,0.16414235532283783,0.27926066517829895,-11123.970581054688,22301.941162109375,22515.33532602785,27,3.9838732295198827,0.05832115560770035,0.23234409093856812,0.19451341032981873,0.31022658944129944,-11128.012008666992,22310.024017333984,22523.41818125246,27,5.073330084489808,0.057412274181842804,0.2912714183330536,-0.14018996059894562,0.46248194575309753,1.3559279441833496,-11056.1875,22166.375,22379.769163918474,27
85,1.317560786472634,0.27578213810920715,0.18091920018196106,-11196.064056396484,22446.12811279297,22659.522276711443,27,5.610439188888566,0.052699342370033264,0.2956664562225342,0.2629617750644684,0.19776156544685364,-11213.289001464844,22480.578002929688,22693.97216684816,27,5.775080745847643,0.05602271109819412,0.323535680770874,-0.12404418736696243,0.378222793340683,1.4729119539260864,-11112.578125,22279.15625,22492.550413918474,27
86,1.2824101910147958,0.2487412691116333,0.2829214930534363,-11061.052459716797,22176.104919433594,22389.499083352068,27,5.7956158439788945,0.05126659572124481,0.29712149500846863,0.2598196268081665,0.2865886092185974,-11048.517166137695,22151.03433227539,22364.428496193865,27,6.264547750399831,0.05255656689405441,0.32924312353134155,-0.05582686513662338,0.45210787653923035,1.476100206375122,-10929.71484375,21913.4296875,22126.823851418474,27
87,1.2745602673127383,0.24260123074054718,0.35145410895347595,-11093.460662841797,22240.921325683594,22454.315489602068,27,4.374814107316487,0.05576116219162941,0.24394471943378448,0.18964506685733795,0.33389806747436523,-11089.049499511719,22232.098999023438,22445.49316294191,27,5.903864373947912,0.05412209406495094,0.3195295035839081,-0.12551555037498474,0.4773394465446472,1.469065546989441,-11051.384765625,22156.76953125,22370.163695168474,27
88,1.3684830334904738,0.31370285153388977,0.2719080150127411,-11420.143005371094,22894.286010742188,23107.68017466066,27,3.569832791611496,0.06236642599105835,0.22263771295547485,0.29108428955078125,0.2423805147409439,-11412.961608886719,22879.923217773438,23093.31738169191,27,5.435152258809599,0.05680755153298378,0.3087576925754547,-0.043151501566171646,0.40896156430244446,1.3452386856079102,-11300.39453125,22654.7890625,22868.183226418474,27
89,1.2861650565123093,0.2516649663448334,0.3363257050514221,-11140.743865966797,22335.487731933594,22548.881895852068,27,4.443354486658764,0.055910028517246246,0.248428076505661,0.21238622069358826,0.3097183406352997,-11127.379302978516,22308.75860595703,22522.152769875505,27,6.02353213917266,0.05441403016448021,0.3277646601200104,-0.10245818644762039,0.4817887246608734,1.4576033353805542,-11064.52734375,22183.0546875,22396.448851418474,27
90,1.291292706670002,0.2556438148021698,0.2821788787841797,-10970.55728149414,21995.11456298828,22208.508726906755,27,3.905319514749485,0.05749886482954025,0.22455143928527832,0.2748836278915405,0.3200448453426361,-10975.632736206055,22005.26547241211,22218.659636330583,27,6.021773019342494,0.053308550268411636,0.3210119903087616,-0.1494591236114502,0.4778153598308563,1.4914467334747314,-10916.3623046875,21886.724609375,22100.118773293474,27
91,1.2031102800778797,0.1849101036787033,0.26361146569252014,-11167.846374511719,22389.692749023438,22603.08691294191,27,4.529998236579739,0.055837731808423996,0.25294482707977295,0.18893498182296753,0.2630545198917389,-11162.410217285156,22378.820434570312,22592.214598488787,27,5.753601935179532,0.05488499626517296,0.3157864212989807,-0.16170890629291534,0.43119877576828003,1.4887243509292603,-11068.3505859375,22190.701171875,22404.095335793474,27
92,1.1922745432716675,0.1758628636598587,0.24832315742969513,-11172.26791381836,22398.53582763672,22611.929991555193,27,3.818244742090956,0.06065019592642784,0.2315772920846939,0.17816096544265747,0.2514060139656067,-11167.210083007812,22388.420166015625,22601.8143299341,27,5.129467297709493,0.05774481222033501,0.29620012640953064,-0.18387508392333984,0.4089091718196869,1.3944993019104004,-11088.119140625,22230.23828125,22443.632445168474,27
93,1.2277292317220698,0.2051663100719452,0.3667154908180237,-10857.403060913086,21768.806121826172,21982.200285744646,27,3.959777534935453,0.057172950357198715,0.22639216482639313,0.20545192062854767,0.36247819662094116,-10840.829620361328,21735.659240722656,21949.05340464113,27,5.694522712761266,0.053693365305662155,0.3057580888271332,-0.19188396632671356,0.520816445350647,1.4429267644882202,-10737.71484375,21529.4296875,21742.823851418474,27
94,1.3627701451071705,0.309519499540329,0.3148403763771057,-10943.556365966797,21941.112731933594,22154.506895852068,27,4.018693441255652,0.058646656572818756,0.23568293452262878,0.2958899736404419,0.30914831161499023,-10950.714141845703,21955.428283691406,22168.82244760988,27,5.502368940460677,0.05487802252173424,0.3019591271877289,-0.07124194502830505,0.44638481736183167,1.3675357103347778,-10889.3037109375,21832.607421875,22046.001585793474,27
95,1.092544184059395,0.08850909024477005,0.3483284115791321,-11114.40835571289,22282.81671142578,22496.210875344255,27,5.156529982495427,0.05376627296209335,0.2772473990917206,0.1206769123673439,0.3436634838581085,-11092.029037475586,22238.058074951172,22451.452238869646,27,5.968506599572596,0.05333961173892021,0.31835782527923584,-0.21247351169586182,0.5569128394126892,1.5015804767608643,-10981.44921875,22016.8984375,22230.292601418474,27
96,1.2018605951729444,0.1838708519935608,0.2921746075153351,-10877.792419433594,21809.584838867188,22022.97900278566,27,4.787613652819128,0.05469416454434395,0.26185452938079834,0.19709740579128265,0.3094720244407654,-10905.166442871094,21864.332885742188,22077.72704966066,27,6.578590126368574,0.052230335772037506,0.3436019718647003,-0.1542029231786728,0.4857170283794403,1.5816783905029297,-10831.12109375,21716.2421875,21929.636351418474,27
97,1.2532430931432248,0.2257346659898758,0.3266502618789673,-11032.736358642578,22119.472717285156,22332.86688120363,27,4.248784626420244,0.05541118606925011,0.23543019592761993,0.21808521449565887,0.3098512291908264,-11031.165557861328,22116.331115722656,22329.72527964113,27,5.227684729456437,0.055797234177589417,0.2916903495788574,-0.1791614294052124,0.44789963960647583,1.4082425832748413,-10940.6796875,21935.359375,22148.753538918474,27
98,1.2861143459884496,0.25162553787231445,0.32918497920036316,-10877.91049194336,21809.82098388672,22023.215147805193,27,3.521414807368383,0.0603194385766983,0.21240976452827454,0.2577684223651886,0.3316529393196106,-10872.949996948242,21799.899993896484,22013.29415781496,27,6.220707050950352,0.05253267660737038,0.32679039239883423,-0.06435699015855789,0.4875063896179199,1.4543808698654175,-10847.619140625,21749.23828125,21962.632445168474,27
99,1.3721783924150206,0.31639954447746277,0.3070700466632843,-10733.077743530273,21520.155487060547,21733.54965097902,27,3.9214500038513003,0.05526500940322876,0.21671897172927856,0.2990003228187561,0.289167582988739,-10727.948669433594,21509.897338867188,21723.29150278566,27,6.125886798875692,0.05170416086912155,0.31673383712768555,-0.05813487991690636,0.45142993330955505,1.4693454504013062,-10655.3779296875,21364.755859375,21578.150023293474,27
100,1.0716253689727095,0.06917653232812881,0.37956640124320984,-11018.668518066406,22091.337036132812,22304.731200051287,27,3.9068478201745163,0.05703820288181305,0.2228395789861679,0.07990442216396332,0.3784782290458679,-11010.137756347656,22074.275512695312,22287.669676613787,27,5.297454205202372,0.05535244569182396,0.29322704672813416,-0.281902939081192,0.5579144358634949,1.4629640579223633,-10887.685546875,21829.37109375,22042.765257668474,27
101,1.4561547214769832,0.3757992088794708,0.23387089371681213,-11235.906951904297,22525.813903808594,22739.208067727068,27,4.260516152055841,0.05749031901359558,0.2449384331703186,0.37667009234428406,0.2300802320241928,-11237.516891479492,22529.033782958984,22742.42794687746,27,6.096227933916712,0.05475771054625511,0.33381548523902893,0.02343391813337803,0.398186594247818,1.420580506324768,-11187.8203125,22429.640625,22643.034788918474,27
102,1.1696894441782641,0.15673828125,0.28707608580589294,-10781.275817871094,21616.551635742188,21829.94579966066,27,3.929521262440678,0.05610806867480278,0.2204778492450714,0.16510406136512756,0.28441885113716125,-10811.810607910156,21677.621215820312,21891.015379738787,27,5.4225533008195095,0.05495204031467438,0.2979803681373596,-0.17212966084480286,0.4656699001789093,1.4160038232803345,-10775.7822265625,21605.564453125,21818.958617043474,27
103,1.2952892734822163,0.2587340474128723,0.3000558614730835,-10989.95053100586,22033.90106201172,22247.295225930193,27,4.607022563112782,0.054646123200654984,0.2517559230327606,0.2873234152793884,0.2961658537387848,-10990.849609375,22035.69921875,22249.093382668474,27,6.265741130942187,0.05303366854786873,0.3322952389717102,-0.1345738172531128,0.4892346262931824,1.5095041990280151,-10922.896484375,21899.79296875,22113.187132668474,27
104,1.172103334809948,0.15879985690116882,0.3843158483505249,-11298.810821533203,22651.621643066406,22865.01580698488,27,3.799440070223106,0.060514964163303375,0.22992298007011414,0.15632082521915436,0.38228437304496765,-11272.543594360352,22599.087188720703,22812.481352639177,27,5.2677917829679215,0.05685604363679886,0.2995058000087738,-0.1887885481119156,0.5332242846488953,1.3848450183868408,-11143.4560546875,22340.912109375,22554.306273293474,27
105,1.2969734033841558,0.26003339886665344,0.31133511662483215,-11056.275817871094,22166.551635742188,22379.94579966066,27,3.53573188047002,0.060670025646686554,0.21451294422149658,0.26512932777404785,0.3021838963031769,-11062.364288330078,22178.728576660156,22392.12274057863,27,5.592970554729023,0.05543592572212219,0.31005150079727173,-0.09098149836063385,0.4357629716396332,1.4008541107177734,-10997.513671875,22049.02734375,22262.421507668474,27
106,1.3185244213128366,0.2765132486820221,0.2780618369579315,-10845.48568725586,21744.97137451172,21958.365538430193,27,7.594873209615678,0.046131402254104614,0.3503621518611908,0.2559991478919983,0.28126034140586853,-10866.974319458008,21787.948638916016,22001.34280283449,27,6.667067372358722,0.05110607668757439,0.34072765707969666,-0.0993850827217102,0.434322714805603,1.5663517713546753,-10738.1953125,21530.390625,21743.784788918474,27
107,1.3821464154155547,0.3236376643180847,0.3795660734176636,-10844.763763427734,21743.52752685547,21956.921690773943,27,6.16306547729458,0.04993429780006409,0.30774834752082825,0.29129382967948914,0.376757949590683,-10864.932861328125,21783.86572265625,21997.259886574724,27,6.502729822271763,0.05116579309105873,0.33271732926368713,-0.08850232511758804,0.5304684042930603,1.4922596216201782,-10748.77734375,21551.5546875,21764.948851418474,27
108,1.2560153628989763,0.2279442995786667,0.2851269245147705,-11201.973358154297,22457.946716308594,22671.340880227068,27,4.4670855398434295,0.05759922042489052,0.25730064511299133,0.23386219143867493,0.28730738162994385,-11198.129577636719,22450.259155273438,22663.65331919191,27,5.8457082523379125,0.05443575605750084,0.318215548992157,-0.1687793731689453,0.4592772424221039,1.4927245378494263,-11086.0654296875,22226.130859375,22439.525023293474,27
109,1.1459168196637803,0.1362050324678421,0.3105408847332001,-10673.868957519531,21401.737915039062,21615.132078957537,27,4.174266723302765,0.05471334978938103,0.22838811576366425,0.13549841940402985,0.30760592222213745,-10638.138534545898,21330.277069091797,21543.67123301027,27,5.6090126622497065,0.05319906026124954,0.29839420318603516,-0.12833289802074432,0.473315954208374,1.4051830768585205,-10550.0732421875,21154.146484375,21367.540648293474,27
110,1.312775896689067,0.2721439003944397,0.34474900364875793,-10962.368072509766,21978.73614501953,22192.130308938005,27,4.186132374820642,0.05444398149847984,0.22790971398353577,0.23093678057193756,0.2946127653121948,-10938.25405883789,21930.50811767578,22143.902281594255,27,6.336898705519066,0.05203455314040184,0.32973769307136536,-0.0780763179063797,0.46494901180267334,1.488892674446106,-10898.693359375,21851.38671875,22064.780882668474,27
111,1.1698650096029317,0.15688836574554443,0.29938805103302,-11030.350341796875,22114.70068359375,22328.094847512224,27,4.225900911511644,0.058303672820329666,0.24638554453849792,0.15182600915431976,0.30251821875572205,-11036.540985107422,22127.081970214844,22340.476134133318,27,5.305033252139779,0.05646981671452522,0.29957425594329834,-0.24022406339645386,0.47355949878692627,1.4524779319763184,-10883.3232421875,21820.646484375,22034.040648293474,27
112,1.1737309222510584,0.1601874977350235,0.2731955051422119,-10426.084335327148,20906.168670654297,21119.56283457277,27,3.817508176978716,0.0558624267578125,0.21325527131557465,0.15836958587169647,0.28239431977272034,-10424.551574707031,20903.103149414062,21116.497313332537,27,5.56776540832843,0.05415966361761093,0.3015483021736145,-0.23250335454940796,0.49916765093803406,1.4656603336334229,-10401.5966796875,20857.193359375,21070.587523293474,27
113,1.2695811064475706,0.23868700861930847,0.2532616853713989,-11044.008026123047,22142.016052246094,22355.410216164568,27,3.9451916438538315,0.05910210683941841,0.23316913843154907,0.2680288851261139,0.29305970668792725,-11050.69660949707,22155.39321899414,22368.787382912615,27,5.695433180009619,0.054649848490953445,0.3112545609474182,-0.11449488252401352,0.46163639426231384,1.4291365146636963,-10991.8349609375,22037.669921875,22251.064085793474,27
114,1.1741744813068662,0.1605653315782547,0.29179155826568604,-11269.793731689453,22593.587463378906,22806.98162729738,27,4.753533784329072,0.05677526816725731,0.2698831558227539,0.1575060784816742,0.29548871517181396,-11273.0068359375,22600.013671875,22813.407835793474,27,5.465862855120483,0.05661426857113838,0.3094458281993866,-0.20596672594547272,0.43787655234336853,1.4638837575912476,-11124.138671875,22302.27734375,22515.671507668474,27
115,1.1752960389171014,0.1615200638771057,0.3421822786331177,-11263.556518554688,22581.113037109375,22794.50720102785,27,3.6697529648583602,0.06175575032830238,0.2266283482313156,0.18876510858535767,0.33778610825538635,-11223.720306396484,22501.44061279297,22714.834776711443,27,5.507422330871739,0.05582208186388016,0.3074357807636261,-0.15045879781246185,0.5245271921157837,1.3934217691421509,-11150.787109375,22355.57421875,22568.968382668474,27
116,1.270235353942799,0.23920220136642456,0.24925953149795532,-10959.357818603516,21972.71563720703,22186.109801125505,27,4.10886466124201,0.05630374327301979,0.23134446144104004,0.23275256156921387,0.2863836884498596,-10950.627502441406,21955.255004882812,22168.649168801287,27,5.743293363463146,0.05415692180395126,0.3110390901565552,-0.10849173367023468,0.45434051752090454,1.4264228343963623,-10878.2587890625,21810.517578125,22023.911742043474,27
117,1.2230702474554924,0.20136429369449615,0.2298925817012787,-11075.484252929688,22204.968505859375,22418.36266977785,27,4.695423025668661,0.05567490682005882,0.2614172399044037,0.2176360785961151,0.22855395078659058,-11064.006591796875,22182.01318359375,22395.407347512224,27,5.568417268366337,0.05512935668230057,0.30698326230049133,-0.13441714644432068,0.4110614061355591,1.438987135887146,-10962.36328125,21978.7265625,22192.120726418474,27
118,1.1975175661206734,0.18025071918964386,0.3291804790496826,-11407.434051513672,22868.868103027344,23082.262266945818,27,3.736743105270604,0.06074126064777374,0.2269744873046875,0.17233683168888092,0.32592692971229553,-11404.651245117188,22863.302490234375,23076.69665415285,27,5.383374963538872,0.057472407817840576,0.30939552187919617,-0.17887209355831146,0.4959799647331238,1.4159826040267944,-11339.8720703125,22733.744140625,22947.138304543474,27
119,1.3704971624932822,0.31517356634140015,0.29650911688804626,-10947.032470703125,21948.06494140625,22161.459105324724,27,5.336659831214094,0.05088436231017113,0.27155253291130066,0.28717806935310364,0.2770039141178131,-10933.838348388672,21921.676696777344,22135.070860695818,27,6.0119728082928905,0.05301298946142197,0.31871265172958374,-0.04837217926979065,0.4680892527103424,1.432809591293335,-10839.6474609375,21733.294921875,21946.689085793474,27
120,1.432087989427468,0.3591335117816925,0.3099110424518585,-11142.4248046875,22338.849609375,22552.243773293474,27,4.839392224338935,0.05394648388028145,0.261068195104599,0.327742338180542,0.2825309932231903,-11136.137756347656,22326.275512695312,22539.669676613787,27,6.68550967830691,0.05235103890299797,0.34999337792396545,-0.045621003955602646,0.43849286437034607,1.5394738912582397,-11097.1474609375,22248.294921875,22461.689085793474,27
121,1.231892513139188,0.20855161547660828,0.31611210107803345,-10939.345184326172,21932.690368652344,22146.084532570818,27,4.300481784438748,0.05551839619874954,0.23875585198402405,0.20111143589019775,0.31682929396629333,-10917.814392089844,21889.628784179688,22103.02294809816,27,5.446781138271821,0.0554315485060215,0.3019235134124756,-0.12737250328063965,0.4572267532348633,1.3990614414215088,-10853.736328125,21761.47265625,21974.866820168474,27
122,1.2534997295318697,0.22593942284584045,0.36021775007247925,-10945.114196777344,21944.228393554688,22157.62255747316,27,2.9038661638255334,0.06460852175951004,0.18761450052261353,0.21666944026947021,0.35219481587409973,-10954.253295898438,21962.506591796875,22175.90075571535,27,5.511036882782955,0.05474461242556572,0.30169957876205444,-0.15505780279636383,0.5148045420646667,1.4194011688232422,-10879.501953125,21813.00390625,22026.398070168474,27
123,1.2133626141336111,0.19339552521705627,0.30547499656677246,-11243.802642822266,22541.60528564453,22754.999449563005,27,3.5288979650246812,0.06209031865000725,0.2191103994846344,0.2289259284734726,0.32212305068969727,-11221.092468261719,22496.184936523438,22709.57910044191,27,5.587056050042337,0.05561944097280502,0.3107489347457886,-0.14232096076011658,0.47418224811553955,1.4238864183425903,-11145.8994140625,22345.798828125,22559.192992043474,27
124,1.3566573171243923,0.30502381920814514,0.28126782178878784,-11372.814147949219,22799.628295898438,23013.02245981691,27,4.400670332210361,0.05902315676212311,0.2597414553165436,0.3020123839378357,0.29513412714004517,-11380.065643310547,22814.131286621094,23027.525450539568,27,5.931052345691096,0.055685240775346756,0.3302720785140991,-0.11430520564317703,0.4398769438266754,1.4761605262756348,-11303.89453125,22661.7890625,22875.183226418474,27
125,1.327960792896204,0.28364452719688416,0.28525856137275696,-11181.828735351562,22417.657470703125,22631.0516346216,27,5.715754506066183,0.05241832137107849,0.2996102571487427,0.2645379900932312,0.2967633008956909,-11202.640869140625,22459.28173828125,22672.675902199724,27,6.176606975047917,0.05372883751988411,0.3318619132041931,-0.13734960556030273,0.44564446806907654,1.5328539609909058,-11063.140625,22180.28125,22393.675413918474,27
126,1.250866500264501,0.2238365113735199,0.32696181535720825,-10798.459014892578,21650.918029785156,21864.31219370363,27,4.243355732315743,0.055573560297489166,0.23581838607788086,0.22969403862953186,0.3271796405315399,-10793.615631103516,21641.23126220703,21854.625426125505,27,5.3733425772669525,0.05437889322638512,0.2921964228153229,-0.14487221837043762,0.4566281735897064,1.4054752588272095,-10692.2001953125,21438.400390625,21651.794554543474,27
127,1.225508376806694,0.20335575938224792,0.30245113372802734,-11051.929763793945,22157.85952758789,22371.253691506365,27,4.925255342386295,0.05424799770116806,0.267185240983963,0.21189545094966888,0.3026442229747772,-11050.085418701172,22154.170837402344,22367.565001320818,27,5.9464918789559595,0.05440271645784378,0.32350531220436096,-0.15041795372962952,0.4986579716205597,1.4753153324127197,-10975.779296875,22005.55859375,22218.952757668474,27
128,1.3569805249076263,0.30526202917099,0.3462224304676056,-10575.566009521484,21205.13201904297,21418.526182961443,27,4.258167376204143,0.05376068130135536,0.22892197966575623,0.28937965631484985,0.3377082943916321,-10570.663177490234,21195.32635498047,21408.720518898943,27,5.550859652735054,0.05378524214029312,0.29855433106422424,-0.08066148310899734,0.4688289761543274,1.3742862939834595,-10500.0380859375,21054.076171875,21267.470335793474,27
129,1.350546430657742,0.3005092740058899,0.31367695331573486,-10900.30224609375,21854.6044921875,22067.998656105974,27,4.905655320912655,0.05236391723155975,0.2568793296813965,0.27892881631851196,0.2942984998226166,-10899.306671142578,21852.613342285156,22066.00750620363,27,6.514754449058565,0.05160314962267876,0.3361818492412567,-0.11179795861244202,0.4825460910797119,1.5295621156692505,-10812.4072265625,21678.814453125,21892.208617043474,27
130,1.3135401671878741,0.272725909948349,0.26451534032821655,-11096.498611450195,22246.99722290039,22460.391386818865,27,5.00379473747636,0.05509576573967934,0.27568790316581726,0.26110661029815674,0.26278936862945557,-11106.250274658203,22266.500549316406,22479.89471323488,27,5.886730954179331,0.05448606610298157,0.3207448124885559,-0.04858731850981712,0.42507585883140564,1.4362742900848389,-11023.677734375,22101.35546875,22314.749632668474,27
131,1.261056937405014,0.23195020854473114,0.2798860967159271,-11158.950897216797,22371.901794433594,22585.295958352068,27,3.614559233837998,0.06231057643890381,0.2252252697944641,0.23243823647499084,0.2724653482437134,-11162.80126953125,22379.6025390625,22592.996702980974,27,5.521747823189356,0.05682199075818062,0.31375670433044434,-0.13523191213607788,0.4313279688358307,1.4250900745391846,-11084.9697265625,22223.939453125,22437.333617043474,27
132,1.2101588260420522,0.19075161218643188,0.4105035066604614,-11288.892852783203,22631.785705566406,22845.17986948488,27,5.0885589843210015,0.055787403136491776,0.28387749195098877,0.1701173484325409,0.3955385386943817,-11313.150695800781,22680.301391601562,22893.695555520037,27,5.841137788572882,0.05492112413048744,0.32080185413360596,-0.1837741881608963,0.5291287302970886,1.4919698238372803,-11200.4228515625,22454.845703125,22668.239867043474,27
133,1.2191288765303612,0.198136568069458,0.2985527217388153,-10995.838821411133,22045.677642822266,22259.07180674074,27,4.261295033544779,0.05611035227775574,0.23910276591777802,0.1740805208683014,0.2913353741168976,-10990.32861328125,22034.6572265625,22248.051390480974,27,5.625431026759945,0.05496060103178024,0.30917707085609436,-0.16131162643432617,0.4712573289871216,1.4459254741668701,-10907.615234375,21869.23046875,22082.624632668474,27
134,1.1521537694051973,0.1416330337524414,0.3045448064804077,-11366.269119262695,22786.53823852539,22999.932402443865,27,4.135715920450779,0.0594361387193203,0.24581098556518555,0.17430637776851654,0.3047977089881897,-11366.779479980469,22787.558959960938,23000.95312387941,27,5.170962759629177,0.05778311938047409,0.29879435896873474,-0.1674591451883316,0.47834646701812744,1.36507248878479,-11276.337890625,22606.67578125,22820.069945168474,27
135,1.08719025126114,0.0835966169834137,0.2819351851940155,-11303.867584228516,22661.73516845703,22875.129332375505,27,5.406156497939309,0.05514185130596161,0.29810547828674316,0.10274191945791245,0.2886379361152649,-11291.390747070312,22636.781494140625,22850.1756580591,27,5.834113256709558,0.05462071672081947,0.31866344809532166,-0.1375754028558731,0.47521141171455383,1.450760006904602,-11178.953125,22411.90625,22625.300413918474,27
136,1.0794602940457136,0.07646118849515915,0.32708340883255005,-10997.103912353516,22048.20782470703,22261.601988625505,27,3.7190295705757177,0.05886954814195633,0.21893759071826935,0.07816152274608612,0.3306163251399994,-10996.206726074219,22046.413452148438,22259.80761606691,27,5.629250444735906,0.054171424359083176,0.3049445152282715,-0.27442488074302673,0.5060107111930847,1.5129725933074951,-10943.9169921875,21941.833984375,22155.228148293474,27
137,1.2393887078583423,0.2146182805299759,0.33554521203041077,-10621.235153198242,21296.470306396484,21509.86447031496,27,4.161117733948799,0.05491134524345398,0.22849257290363312,0.2058745175600052,0.31713545322418213,-10599.34455871582,21252.68911743164,21466.083281350115,27,5.816455262713343,0.052904173731803894,0.3077147603034973,-0.15071411430835724,0.4700238108634949,1.4783601760864258,-10528.1025390625,21110.205078125,21323.599242043474,27
138,1.1196224126698213,0.11299149692058563,0.2876206040382385,-11023.94482421875,22101.8896484375,22315.283812355974,27,5.521483523857877,0.05355515703558922,0.2957039177417755,0.11716251820325851,0.28676074743270874,-11022.742736816406,22099.485473632812,22312.879637551287,27,5.740692851863915,0.054298095405101776,0.3117086887359619,-0.1826937347650528,0.48962604999542236,1.464468240737915,-10917.0810546875,21888.162109375,22101.556273293474,27
139,1.2728930448244953,0.2412922978401184,0.3133179247379303,-11231.89778137207,22517.79556274414,22731.189726662615,27,4.115159534687414,0.05913504585623741,0.24335014820098877,0.23812702298164368,0.31538060307502747,-11231.209259033203,22516.418518066406,22729.81268198488,27,5.7122177868534685,0.05609261989593506,0.3204132616519928,-0.17837148904800415,0.4837273061275482,1.449501395225525,-11148.404296875,22350.80859375,22564.202757668474,27
140,1.2182562190943738,0.19742050766944885,0.32608261704444885,-10911.610748291016,21877.22149658203,22090.615660500505,27,4.673856071128703,0.05581517517566681,0.26087209582328796,0.18489158153533936,0.3222896158695221,-10917.047546386719,21888.095092773438,22101.48925669191,27,5.882034277625755,0.0533401258289814,0.31374844908714294,-0.18679940700531006,0.5358993411064148,1.4719212055206299,-10790.9814453125,21635.962890625,21849.357054543474,27
141,1.2303956692004692,0.20733579993247986,0.32113873958587646,-11124.738540649414,22303.477081298828,22516.871245217302,27,4.01000595695378,0.058873649686574936,0.23608368635177612,0.22108091413974762,0.32811421155929565,-11132.952880859375,22319.90576171875,22533.299925637224,27,5.861310190426581,0.05462171509861946,0.3201548159122467,-0.18010976910591125,0.4904486835002899,1.4874101877212524,-11033.8671875,22121.734375,22335.128538918474,27
142,1.2432890830082408,0.2177603542804718,0.2959275245666504,-11008.44448852539,22070.88897705078,22284.283140969255,27,3.702714717452271,0.060749273747205734,0.22493723034858704,0.21885721385478973,0.29648953676223755,-11011.289093017578,22076.578186035156,22289.97234995363,27,5.330174548371871,0.056143175810575485,0.2992529273033142,-0.167772576212883,0.44086262583732605,1.4132003784179688,-10932.669921875,21919.33984375,22132.734007668474,27
143,1.2641394321593278,0.23439159989356995,0.3494742512702942,-11175.839218139648,22405.678436279297,22619.07260019777,27,4.392856935247235,0.05658787116408348,0.24858242273330688,0.2505590319633484,0.35373541712760925,-11183.38737487793,22420.77474975586,22634.168913674333,27,5.7748856940549835,0.05565581098198891,0.32140594720840454,-0.11658494174480438,0.4985523819923401,1.4222158193588257,-11080.5224609375,22215.044921875,22428.439085793474,27
144,1.2370883062085316,0.21276047825813293,0.33049464225769043,-10698.39810180664,21450.79620361328,21664.190367531755,27,4.252893500099089,0.0542222335934639,0.23060138523578644,0.20776957273483276,0.3225930631160736,-10692.213745117188,21438.427490234375,21651.82165415285,27,5.713646617212911,0.053227897733449936,0.3041253983974457,-0.1676725596189499,0.48586809635162354,1.4522347450256348,-10621.7568359375,21297.513671875,21510.907835793474,27
145,1.2446525246445768,0.21885639429092407,0.27766984701156616,-10817.181518554688,21688.363037109375,21901.75720102785,27,5.0650743433722765,0.05265474691987038,0.26670020818710327,0.258655309677124,0.3102087080478668,-10852.532836914062,21759.065673828125,21972.4598377466,27,5.988015438559259,0.05335462465882301,0.3194883167743683,-0.15183646976947784,0.4588262140750885,1.5072650909423828,-10744.41796875,21542.8359375,21756.230101418474,27
146,1.3584365405886598,0.3063344359397888,0.3258530795574188,-11095.774108886719,22245.548217773438,22458.94238169191,27,4.992161438936451,0.05479041859507561,0.27352261543273926,0.2831615209579468,0.3237471282482147,-11115.029159545898,22284.058319091797,22497.45248301027,27,6.473988407488223,0.05283167585730553,0.34203165769577026,-0.1002700924873352,0.49056166410446167,1.5271846055984497,-11055.5068359375,22165.013671875,22378.407835793474,27
147,1.3799034831229628,0.3220135569572449,0.19588689506053925,-11291.485321044922,22636.970642089844,22850.364806008318,27,4.141867361038683,0.058815985918045044,0.2436080127954483,0.2990592420101166,0.14898502826690674,-11273.436462402344,22600.872924804688,22814.26708872316,27,5.781658110598418,0.05625416338443756,0.3252423405647278,-0.10217548161745071,0.37826818227767944,1.4541678428649902,-11174.544921875,22403.08984375,22616.484007668474,27
148,1.289865526385213,0.254537969827652,0.3508545458316803,-10979.889251708984,22013.77850341797,22227.172667336443,27,5.244126353314958,0.053623173385858536,0.2812066972255707,0.2502218782901764,0.35127103328704834,-10987.372314453125,22028.74462890625,22242.138792824724,27,5.672230481548937,0.0537780337035656,0.3050414025783539,-0.10697328299283981,0.5154215097427368,1.4078809022903442,-10852.3642578125,21758.728515625,21972.122679543474,27
149,1.1232583793166557,0.11623372882604599,0.33648452162742615,-11024.143981933594,22102.287963867188,22315.68212778566,27,4.96248691746198,0.05486353859305382,0.27225959300994873,0.1339600533246994,0.34625449776649475,-11008.019958496094,22070.039916992188,22283.43408091066,27,5.663874241378917,0.05471663177013397,0.3099081218242645,-0.19949759542942047,0.5011006593704224,1.462913990020752,-10910.0263671875,21874.052734375,22087.446898293474,27
150,1.2839169918929128,0.24991555511951447,0.31315818428993225,-10881.127136230469,21816.254272460938,22029.64843637941,27,3.9814590106930403,0.05810341238975525,0.23133635520935059,0.2580975890159607,0.3092784881591797,-10874.161499023438,21802.322998046875,22015.71716196535,27,6.257776927272622,0.05212884396314621,0.3262106776237488,-0.07644543051719666,0.4402712285518646,1.4921966791152954,-10786.4228515625,21626.845703125,21840.239867043474,27
151,1.1724808293787006,0.15912187099456787,0.3705253601074219,-10988.573974609375,22031.14794921875,22244.542113137224,27,4.256900326476824,0.0556451790034771,0.236875981092453,0.15651275217533112,0.3701403737068176,-10969.918548583984,21993.83709716797,22207.231261086443,27,5.446967815456993,0.05466296896338463,0.2977474331855774,-0.17592304944992065,0.503458559513092,1.4096564054489136,-10878.80078125,21811.6015625,22024.995726418474,27
152,1.162918459706773,0.15093275904655457,0.2962896525859833,-11080.676300048828,22215.352600097656,22428.74676401613,27,5.128568634296981,0.05495847761631012,0.28185832500457764,0.14180168509483337,0.2983953356742859,-11084.048614501953,22222.097229003906,22435.49139292238,27,5.562995943834215,0.05530335754156113,0.3076523542404175,-0.20098139345645905,0.48431769013404846,1.4628353118896484,-10984.1552734375,22022.310546875,22235.704710793474,27
153,1.1806318527058233,0.1660497635602951,0.26966622471809387,-10802.255187988281,21658.510375976562,21871.904539895037,27,4.966600168941272,0.053311754018068314,0.26477816700935364,0.18513064086437225,0.27253642678260803,-10769.509689331055,21593.01937866211,21806.413542580583,27,6.280151546605514,0.05188511312007904,0.3258463740348816,-0.14858150482177734,0.4599195420742035,1.5334731340408325,-10686.5654296875,21427.130859375,21640.525023293474,27
154,1.285460884301805,0.2511173188686371,0.26352259516716003,-11019.869873046875,22093.73974609375,22307.133910012224,27,3.089401328091685,0.06347666680812836,0.19610489904880524,0.262429416179657,0.2773802578449249,-11019.674270629883,22093.348541259766,22306.74270517824,27,5.141521084039277,0.05652415752410889,0.2906201481819153,-0.12153886258602142,0.4733150005340576,1.3271677494049072,-10942.158203125,21938.31640625,22151.710570168474,27
155,1.1382505478965108,0.12949247658252716,0.403382807970047,-11053.442474365234,22160.88494873047,22374.279112648943,27,4.714706786406548,0.05353175103664398,0.25238651037216187,0.1545996516942978,0.42464306950569153,-11062.071960449219,22178.143920898438,22391.53808481691,27,5.708944306723287,0.054298095405101776,0.30998480319976807,-0.19250613451004028,0.5764491558074951,1.4444653987884521,-10956.134765625,21966.26953125,22179.663695168474,27
156,1.1799150939829455,0.16544248163700104,0.3218780755996704,-11133.001434326172,22320.002868652344,22533.397032570818,27,4.219484344346311,0.05567518249154091,0.23492056131362915,0.18830299377441406,0.31770890951156616,-11110.273986816406,22274.547973632812,22487.942137551287,27,6.413558927254955,0.051653485745191574,0.33128267526626587,-0.14865222573280334,0.4670071005821228,1.5608659982681274,-11021.1494140625,22096.298828125,22309.692992043474,27
157,1.2344433810400148,0.21062016487121582,0.2921271026134491,-10984.56640625,22023.1328125,22236.526976418474,27,5.024410002415646,0.055019352585077286,0.2764397859573364,0.21831226348876953,0.29312431812286377,-11052.668365478516,22159.33673095703,22372.730894875505,27,5.77818018011435,0.054478663951158524,0.31478753685951233,-0.13538819551467896,0.4761214256286621,1.4433119297027588,-10967.4052734375,21988.810546875,22202.204710793474,27
158,1.2213576986406236,0.19996310770511627,0.33874908089637756,-11369.965362548828,22793.930725097656,23007.32488901613,27,4.307147198633886,0.05751386284828186,0.24772067368030548,0.17921316623687744,0.3238629102706909,-11367.197296142578,22788.394592285156,23001.78875620363,27,5.944814908308136,0.05552007630467415,0.3300565779209137,-0.21491692960262299,0.48867273330688477,1.5306737422943115,-11213.6884765625,22481.376953125,22694.771117043474,27
159,1.173299576842877,0.15981993079185486,0.29772481322288513,-10960.665451049805,21975.33090209961,22188.725066018083,27,4.453540641005705,0.05514328554272652,0.24558286368846893,0.1588718146085739,0.29475685954093933,-10958.08285522461,21970.16571044922,22183.559874367693,27,5.388722672653241,0.055676672607660294,0.30002614855766296,-0.18286588788032532,0.42116037011146545,1.4453487396240234,-10883.9541015625,21821.908203125,22035.302367043474,27
160,1.186808737208564,0.17126797139644623,0.34804925322532654,-11060.876724243164,22175.753448486328,22389.147612404802,27,4.427721908936255,0.05608625337481499,0.24833433330059052,0.198565274477005,0.37457770109176636,-11063.691635131836,22181.383270263672,22394.777434182146,27,6.2475773559803,0.05287816748023033,0.33036044239997864,-0.1446031779050827,0.47391825914382935,1.5259441137313843,-10955.029296875,21964.05859375,22177.452757668474,27
161,1.3017115963030317,0.26368001103401184,0.2513296604156494,-11025.089538574219,22104.179077148438,22317.57324106691,27,4.836561318599305,0.0539541020989418,0.26095232367515564,0.28682151436805725,0.27663370966911316,-11033.869140625,22121.73828125,22335.132445168474,27,6.3255345405407315,0.05289497226476669,0.3345889747142792,-0.09199817478656769,0.48477452993392944,1.4940688610076904,-10940.8603515625,21935.720703125,22149.114867043474,27
162,1.191544785981031,0.1752506047487259,0.34615617990493774,-11192.385147094727,22438.770294189453,22652.164458107927,27,4.994747735051687,0.05349914729595184,0.26721474528312683,0.15346360206604004,0.32855841517448425,-11178.310241699219,22410.620483398438,22624.01464731691,27,6.190797520367256,0.05328221991658211,0.3298594355583191,-0.16101595759391785,0.47145697474479675,1.51595139503479,-11085.619140625,22225.23828125,22438.632445168474,27
163,1.1636811264561753,0.15158836543560028,0.3076474964618683,-10912.11459350586,21878.22918701172,22091.623350930193,27,5.103689873048302,0.05336824804544449,0.2723749876022339,0.15960486233234406,0.33176255226135254,-10922.315979003906,21898.631958007812,22112.026121926287,27,5.735702519934708,0.054202210158109665,0.31088775396347046,-0.16096247732639313,0.4816858470439911,1.4388586282730103,-10819.732421875,21693.46484375,21906.859007668474,27
164,1.2824635264619915,0.24878285825252533,0.32799017429351807,-10795.291290283203,21644.582580566406,21857.97674448488,27,5.322491950312821,0.05361172929406166,0.28534799814224243,0.24161893129348755,0.33221951127052307,-10810.852478027344,21675.704956054688,21889.09911997316,27,5.825365047812052,0.05354039743542671,0.3118923604488373,-0.09700894355773926,0.5138987302780151,1.401206612586975,-10720.390625,21494.78125,21708.175413918474,27
165,1.2463548157808468,0.22022314369678497,0.3662894368171692,-10924.653045654297,21903.306091308594,22116.700255227068,27,4.177657640567281,0.05531460419297218,0.23108547925949097,0.2164602428674698,0.35235562920570374,-10898.899475097656,21851.798950195312,22065.193114113787,27,5.869370189463812,0.053262464702129364,0.31261712312698364,-0.1307385116815567,0.48872193694114685,1.4580427408218384,-10809.1318359375,21672.263671875,21885.657835793474,27
166,1.27835302740376,0.2455725520849228,0.2762247323989868,-11323.381164550781,22700.762329101562,22914.156493020037,27,4.107997653946478,0.05886375904083252,0.24181218445301056,0.2237107902765274,0.2587105631828308,-11308.32275390625,22670.6455078125,22884.039671730974,27,6.2517340292746075,0.05455467104911804,0.3410612940788269,-0.1084304079413414,0.3734126091003418,1.5324583053588867,-11262.802734375,22579.60546875,22792.999632668474,27
167,1.396939037689555,0.3342834413051605,0.323085218667984,-10902.651336669922,21859.302673339844,22072.696837258318,27,4.3212239001908115,0.05686243996024132,0.24571533501148224,0.32875439524650574,0.32331109046936035,-10911.813079833984,21877.62615966797,22091.020323586443,27,5.7087628114519005,0.054871074855327606,0.313245952129364,-0.06857592612504959,0.45836710929870605,1.386818766593933,-10810.45703125,21674.9140625,21888.308226418474,27
168,1.1238027927473726,0.11671828478574753,0.31012362241744995,-11164.112335205078,22382.224670410156,22595.61883432863,27,3.115525230298723,0.06413290649652481,0.19980768859386444,0.13055585324764252,0.3102990388870239,-11123.48471069336,22300.96942138672,22514.363585305193,27,4.979227773819358,0.05816983804106712,0.289640873670578,-0.24140213429927826,0.4634563624858856,1.3945063352584839,-11057.8642578125,22169.728515625,22383.122679543474,27
169,1.215963041947649,0.19553638994693756,0.3095031976699829,-10822.173370361328,21698.346740722656,21911.74090464113,27,3.9046877751061144,0.05864895507693291,0.2290058583021164,0.19302493333816528,0.32024019956588745,-10837.801239013672,21729.602478027344,21942.996641945818,27,5.581231497484155,0.054920390248298645,0.3065234124660492,-0.16126996278762817,0.4700314998626709,1.432328701019287,-10791.1630859375,21636.326171875,21849.720335793474,27
170,1.289235478750416,0.2540493905544281,0.3236106336116791,-11075.439056396484,22204.87811279297,22418.272276711443,27,3.9868079165591657,0.059519581496715546,0.23729313910007477,0.2411244660615921,0.3192882239818573,-11091.521606445312,22237.043212890625,22450.4373768091,27,5.831171088484631,0.05499520152807236,0.3206864297389984,-0.1405763179063797,0.4748082756996155,1.450589656829834,-11010.33984375,22074.6796875,22288.073851418474,27
171,1.285043261281801,0.25079238414764404,0.30896785855293274,-10977.480773925781,22008.961547851562,22222.355711770037,27,4.132066969794153,0.05723408982157707,0.23649509251117706,0.24606293439865112,0.30838361382484436,-10972.237716674805,21998.47543334961,22211.869597268083,27,5.4698454156599,0.05542224273085594,0.30315110087394714,-0.12899169325828552,0.47120586037635803,1.4020006656646729,-10880.173828125,21814.34765625,22027.741820168474,27
172,1.2090771991371034,0.18985742330551147,0.3225148022174835,-10908.455642700195,21870.91128540039,22084.305449318865,27,4.53856422392328,0.05547122284770012,0.25175970792770386,0.19436746835708618,0.33769065141677856,-10913.901840209961,21881.803680419922,22095.197844338396,27,5.97298183350532,0.05370299518108368,0.32076701521873474,-0.1923450082540512,0.5225629210472107,1.4901314973831177,-10856.0859375,21766.171875,21979.566038918474,27
173,1.3810079074554438,0.32281360030174255,0.238074392080307,-10992.899658203125,22039.79931640625,22253.193480324724,27,4.3047978651119525,0.05536465346813202,0.23833364248275757,0.2991311252117157,0.19671635329723358,-10994.89175415039,22043.78350830078,22257.177672219255,27,6.0779205021833445,0.05368666350841522,0.32630327343940735,-0.043774645775556564,0.4087582528591156,1.4511302709579468,-10929.2265625,21912.453125,22125.847288918474,27
174,1.2678619419844144,0.23733197152614594,0.37388983368873596,-10584.827178955078,21223.654357910156,21437.04852182863,27,3.208881195744853,0.060685161501169205,0.1947314739227295,0.21477606892585754,0.36421966552734375,-10573.968078613281,21201.936157226562,21415.330321145037,27,5.760956626558692,0.052925556898117065,0.3049018383026123,-0.1714658886194229,0.5350009202957153,1.4280568361282349,-10543.400390625,21140.80078125,21354.194945168474,27
175,1.037652722112263,0.03696116432547569,0.30930760502815247,-10459.669647216797,20973.339294433594,21186.733458352068,27,5.047355393991904,0.05175485834479332,0.261225163936615,0.0080177653580904,0.3022255003452301,-10472.486328125,20998.97265625,21212.366820168474,27,5.2902682035209985,0.05425070971250534,0.2870008051395416,-0.27578189969062805,0.509908139705658,1.4514192342758179,-10414.375,20882.75,21096.144163918474,27
176,1.2035693715801141,0.1852916181087494,0.23387791216373444,-11530.745697021484,23115.49139404297,23328.885557961443,27,4.72029214842978,0.05804360285401344,0.2739827632904053,0.19614098966121674,0.2715859115123749,-11581.061981201172,23216.123962402344,23429.518126320818,27,6.023593614659273,0.056004662066698074,0.3373493254184723,-0.14948369562625885,0.4362889230251312,1.5205718278884888,-11433.9306640625,22921.861328125,23135.255492043474,27
177,1.2581228573036136,0.2296208143234253,0.3195621371269226,-11173.463073730469,22400.926147460938,22614.32031137941,27,3.8888258561835425,0.05847010388970375,0.22738005220890045,0.22615373134613037,0.3076828718185425,-11171.531494140625,22397.06298828125,22610.457152199724,27,5.722019025068927,0.05536248907446861,0.31678521633148193,-0.18861937522888184,0.46775898337364197,1.4810658693313599,-11117.4619140625,22288.923828125,22502.317992043474,27
178,1.179334710827571,0.16495047509670258,0.38040095567703247,-11131.060516357422,22316.121032714844,22529.515196633318,27,4.76169216128507,0.05570370331406593,0.26524388790130615,0.16987431049346924,0.3680369257926941,-11142.165344238281,22338.330688476562,22551.724852395037,27,5.519197078370425,0.05514964461326599,0.30438175797462463,-0.17134709656238556,0.5299406051635742,1.4160059690475464,-11043.234375,22140.46875,22353.862913918474,27
179,1.2085655083464055,0.18943412601947784,0.3024190366268158,-11002.529983520508,22059.059967041016,22272.45413095949,27,5.2770294997280836,0.054481085389852524,0.2874982953071594,0.17412590980529785,0.3016793429851532,-11018.088500976562,22090.177001953125,22303.5711658716,27,6.002001346491662,0.05398006737232208,0.3239884376525879,-0.16159729659557343,0.44690337777137756,1.5114272832870483,-10910.615234375,21875.23046875,22088.624632668474,27
180,1.1867516873237078,0.17121990025043488,0.3128757178783417,-11245.98388671875,22545.9677734375,22759.361937355974,27,3.8496577087098864,0.061500996351242065,0.2367577850818634,0.17111670970916748,0.31268078088760376,-11246.061401367188,22546.122802734375,22759.51696665285,27,5.002303043354291,0.057578131556510925,0.2880232632160187,-0.17936654388904572,0.48114287853240967,1.3588000535964966,-11176.5478515625,22407.095703125,22620.489867043474,27
181,1.266594579079199,0.23633186519145966,0.36890971660614014,-10951.772491455078,21957.544982910156,22170.93914682863,27,3.9577034003773788,0.05677694082260132,0.22470629215240479,0.2045762687921524,0.36988532543182373,-10950.332733154297,21954.665466308594,22168.059630227068,27,6.581647744413817,0.050819944590330124,0.3344789743423462,-0.1200607493519783,0.5122498273849487,1.5444836616516113,-10912.6083984375,21879.216796875,22092.610960793474,27
182,1.1941699687729757,0.17745135724544525,0.3705810010433197,-11324.549102783203,22703.098205566406,22916.49236948488,27,3.7293278879795766,0.06169061362743378,0.2300645262002945,0.17959122359752655,0.36490312218666077,-11322.978729248047,22699.957458496094,22913.351622414568,27,5.9953150673402655,0.05552007630467415,0.3328603506088257,-0.19674822688102722,0.5059157013893127,1.516680121421814,-11223.3818359375,22500.763671875,22714.157835793474,27
183,1.1193193280263514,0.11272075772285461,0.214503213763237,-11223.188201904297,22500.376403808594,22713.770567727068,27,4.137866375163208,0.06014760211110115,0.2488827407360077,0.14308921992778778,0.2679908871650696,-11230.287048339844,22514.574096679688,22727.96826059816,27,5.0728298994835965,0.05811700597405434,0.2948176860809326,-0.20418040454387665,0.39800167083740234,1.3976870775222778,-11139.296875,22332.59375,22545.987913918474,27
184,1.1446886576375819,0.13513268530368805,0.3004087507724762,-10803.413177490234,21660.82635498047,21874.220518898943,27,5.029575102572816,0.05167080834507942,0.25988221168518066,0.16578465700149536,0.3079869747161865,-10790.366470336914,21634.732940673828,21848.127104592302,27,6.105811544999842,0.05234066769480705,0.3195822536945343,-0.13877904415130615,0.48573705554008484,1.4971106052398682,-10742.216796875,21538.43359375,21751.827757668474,27
185,1.2064216542212176,0.1876586675643921,0.2981044054031372,-11209.871215820312,22473.742431640625,22687.1365955591,27,4.380361566099102,0.058616410940885544,0.2567610740661621,0.16623875498771667,0.2981398403644562,-11252.25033569336,22558.50067138672,22771.894835305193,27,5.494536009904501,0.05607932060956955,0.30812984704971313,-0.1423511654138565,0.4615160822868347,1.3948639631271362,-11147.146484375,22348.29296875,22561.687132668474,27
186,1.1308448834570473,0.12296503782272339,0.27918899059295654,-11009.670623779297,22073.341247558594,22286.735411477068,27,4.046560182515486,0.05755230039358139,0.2328888475894928,0.11585363000631332,0.26791149377822876,-11009.47036743164,22072.94073486328,22286.334898781755,27,5.423231569072868,0.056267816573381424,0.30515339970588684,-0.2213505506515503,0.4304884076118469,1.4627230167388916,-10943.056640625,21940.11328125,22153.507445168474,27
187,1.1159554116320356,0.10971090942621231,0.3663955628871918,-10947.746398925781,21949.492797851562,22162.886961770037,27,4.259857551933123,0.05565113574266434,0.23706591129302979,0.07547473162412643,0.35918354988098145,-10944.550354003906,21943.100708007812,22156.494871926287,27,5.143098053169337,0.055745597928762436,0.2867050766944885,-0.276059627532959,0.5403914451599121,1.4365403652191162,-10845.7861328125,21745.572265625,21958.966429543474,27
188,1.242435214328382,0.21707333624362946,0.2392108142375946,-11573.642028808594,23201.284057617188,23414.67822153566,27,4.2824400949419354,0.05891928821802139,0.2523183226585388,0.25370463728904724,0.29295819997787476,-11560.198333740234,23174.39666748047,23387.790831398943,27,6.416064838460644,0.054826024919748306,0.35176733136177063,-0.11169610917568207,0.46733471751213074,1.5350064039230347,-11475.48828125,23004.9765625,23218.370726418474,27
189,1.3354367881402982,0.2892584204673767,0.2148023098707199,-10893.293914794922,21840.587829589844,22053.981993508318,27,5.001002157568372,0.05435342341661453,0.2718215882778168,0.2900887131690979,0.21234837174415588,-10893.298126220703,21840.596252441406,22053.99041635988,27,5.823886165343123,0.05408954992890358,0.3150113821029663,-0.0911019891500473,0.39243119955062866,1.4673938751220703,-10809.6484375,21673.296875,21886.691038918474,27
190,1.225464696082269,0.20332011580467224,0.2815897762775421,-11025.797271728516,22105.59454345703,22318.988707375505,27,4.702237653115409,0.05313935503363609,0.24987387657165527,0.24043148756027222,0.31617239117622375,-10983.09423828125,22020.1884765625,22233.582640480974,27,5.516417160656135,0.05590759217739105,0.30840960144996643,-0.1334364265203476,0.47240588068962097,1.4034019708633423,-10885.755859375,21825.51171875,22038.905882668474,27
191,1.3121838137346777,0.27169278264045715,0.24128270149230957,-11188.788970947266,22431.57794189453,22644.972105813005,27,4.268302395722887,0.056570976972579956,0.24146203696727753,0.2885834872722626,0.2739994525909424,-11190.097778320312,22434.195556640625,22647.5897205591,27,6.389206715669183,0.05326012521982193,0.3402899503707886,-0.073386050760746,0.4156739413738251,1.5117111206054688,-11145.4052734375,22344.810546875,22558.204710793474,27
192,1.1493186695766728,0.13916930556297302,0.2992987036705017,-11218.132873535156,22490.265747070312,22703.659910988787,27,3.1309998154879732,0.06557793915271759,0.20532451570034027,0.1749761402606964,0.34650304913520813,-11224.004974365234,22502.00994873047,22715.404112648943,27,5.056148892381111,0.05844016745686531,0.29548218846321106,-0.1952081024646759,0.46993333101272583,1.361525058746338,-11161.009765625,22376.01953125,22589.413695168474,27
193,1.1589131930330387,0.14748266339302063,0.3203568160533905,-11267.60708618164,22589.21417236328,22802.608336281755,27,4.435333449828355,0.05848603695631027,0.25940507650375366,0.16265811026096344,0.3204704225063324,-11252.749267578125,22559.49853515625,22772.892699074724,27,5.083287821043351,0.058112733066082,0.29540374875068665,-0.18403388559818268,0.5051146149635315,1.3590582609176636,-11136.53125,22327.0625,22540.456663918474,27
194,1.2840256462893984,0.2500001788139343,0.29247960448265076,-11057.717514038086,22169.435028076172,22382.829191994646,27,5.596983363653818,0.05163643881678581,0.2890082895755768,0.28650227189064026,0.2902345657348633,-11038.220703125,22130.44140625,22343.835570168474,27,6.459824641657765,0.0522054024040699,0.33723774552345276,-0.09262146055698395,0.4911540448665619,1.527892827987671,-10892.134765625,21838.26953125,22051.663695168474,27
195,1.3099450230202332,0.269985169172287,0.20562663674354553,-10868.650817871094,21791.301635742188,22004.69579966066,27,4.108780345228609,0.05604355409741402,0.230270653963089,0.2647727131843567,0.2004641592502594,-10865.559631347656,21785.119262695312,21998.513426613787,27,6.041099998592599,0.05284472554922104,0.3192402720451355,-0.10904648900032043,0.423419713973999,1.499701738357544,-10784.28515625,21622.5703125,21835.964476418474,27
196,1.2452291288035222,0.21931955218315125,0.2905830144882202,-11118.651428222656,22291.302856445312,22504.697020363787,27,4.561242376871373,0.05568596348166466,0.25399717688560486,0.23391619324684143,0.29195737838745117,-11102.79867553711,22259.59735107422,22472.991514992693,27,5.915975599150368,0.05419601872563362,0.3206223249435425,-0.11347270756959915,0.48935768008232117,1.4461232423782349,-11013.2744140625,22080.548828125,22293.942992043474,27
197,1.2366384312466423,0.2123967558145523,0.3045958876609802,-10864.630279541016,21783.26055908203,21996.654723000505,27,4.303107702420005,0.054872240871191025,0.23612116277217865,0.2594873607158661,0.29849568009376526,-10841.539337158203,21737.078674316406,21950.47283823488,27,5.669492117436298,0.05375584214925766,0.30476832389831543,-0.11293293535709381,0.5049411654472351,1.4063117504119873,-10763.279296875,21580.55859375,21793.952757668474,27
198,1.1214934132889662,0.11466120183467865,0.313282310962677,-11107.21696472168,22268.43392944336,22481.828093361833,27,4.799554231957036,0.05590616539120674,0.26832467317581177,0.09871146082878113,0.3087243139743805,-11117.694259643555,22289.38851928711,22502.782683205583,27,5.414627354361474,0.055650483816862106,0.3013266324996948,-0.216408371925354,0.44208016991615295,1.460594892501831,-11016.9677734375,22087.935546875,22301.329710793474,27
199,1.276785613310323,0.24434567987918854,0.3334057629108429,-11203.578491210938,22461.156982421875,22674.55114634035,27,4.716859826122275,0.054570116102695465,0.2573995888233185,0.21558906137943268,0.30419227480888367,-11197.50521850586,22449.01043701172,22662.404600930193,27,6.58320013150995,0.05293997749686241,0.34851446747779846,-0.16483059525489807,0.4724311828613281,1.5902849435806274,-11148.4697265625,22350.939453125,22564.333617043474,27
